,crimetype,datetime,casenumber,description,policebeat,address,city,state,location_1,:@computed_region_w23w_jfhw
97,PETTY THEFT,2016-09-06 06:30:00,16-912055,THEFT,08X,2300 VALLEY ST,Oakland,CA,"{'type': 'Point', 'coordinates': [-122.267741, 37.81205]}",1489.0
104,BURG - AUTO,2017-02-21 11:30:00,17-009417,ATTEMPTED BURGLARY-AUTO,33X,8400 B ST,Oakland,CA,"{'type': 'Point', 'coordinates': [-122.1811, 37.752484]}",1493.0
105,PETTY THEFT,2017-02-21 15:56:00,17-009496,THEFT,27X,1600 HIGH ST,Oakland,CA,"{'type': 'Point', 'coordinates': [-122.213189, 37.773599]}",1188.0
107,MISDEMEANOR ASSAULT,2017-03-02 21:52:00,17-011244,TRESPASSING,34X,2000 83RD AV,Oakland,CA,"{'type': 'Point', 'coordinates': [-122.171691, 37.758342999999996]}",1493.0
108,RECOVERED O/S STOLEN,2017-02-22 18:53:00,17-009736,VEHICLE THEFT - AUTO,29X,3900 GARDENIA PL,Oakland,CA,"{'type': 'Point', 'coordinates': [-122.171414, 37.777111]}",1482.0
109,BURG - AUTO,2017-03-01 19:00:00,17-011333,BURGLARY-AUTO,26X,6300 COLISEUM WY,Oakland,CA,"{'type': 'Point', 'coordinates': [-122.206736, 37.756471]}",1493.0
112,BURG - AUTO,2017-03-20 10:35:00,17-014539,BURGLARY-AUTO,04X,17TH ST & JEFFERSON ST,Oakland,CA,"{'type': 'Point', 'coordinates': [-122.273587, 37.807627]}",1489.0
113,OTHER,2017-02-22 17:30:00,17-010077,CRIMINAL CONTEMPT,30Y,2600 73RD AV,Oakland,CA,"{'type': 'Point', 'coordinates': [-122.175421, 37.766901]}",1482.0
115,PETTY THEFT,2017-03-03 15:30:00,17-012016,THEFT,30X,1600 70TH AV,Oakland,CA,"{'type': 'Point', 'coordinates': [-122.187932, 37.761474]}",1493.0
117,OTHER,2017-02-17 13:56:00,17-008837,STALKING-MISD,07X,1200 W GRAND AV,Oakland,CA,"{'type': 'Point', 'coordinates': [-122.285022, 37.815865]}",1484.0
121,STOLEN VEHICLE,2017-02-19 15:00:00,17-009254,VEHICLE THEFT - AUTO,33X,900 90TH AV,Oakland,CA,"{'type': 'Point', 'coordinates': [-122.18278, 37.745788]}",1481.0
124,PETTY THEFT,2017-02-10 01:00:00,17-007802,THEFT,18Y,1900 E 26TH ST,Oakland,CA,"{'type': 'Point', 'coordinates': [-122.232554, 37.795179]}",1483.0
125,DUI,2017-02-12 17:11:00,17-007885,DUI ALCOHOL/DRUGS,19X,1400 15TH AV,Oakland,CA,"{'type': 'Point', 'coordinates': [-122.245238, 37.788969]}",1483.0
126,VANDALISM,2017-01-28 02:35:00,17-004929,VANDALISM:DAMAGE PROPERTY,30X,1600 70TH AV,Oakland,CA,"{'type': 'Point', 'coordinates': [-122.187932, 37.761474]}",1493.0
127,ROBBERY,2017-02-13 13:16:00,17-008015,ROBBERY-FIREARM,30X,1800 79TH AV,Oakland,CA,"{'type': 'Point', 'coordinates': [-122.177152, 37.759628]}",1493.0
129,ROBBERY,2017-02-15 23:00:00,17-008520,BATTERY,24X,4000 FOOTHILL BLVD,Oakland,CA,"{'type': 'Point', 'coordinates': [-122.215178, 37.777674]}",1188.0
130,MISDEMEANOR ASSAULT,2017-01-21 09:00:00,17-003663,BATTERY,02X,800 UNION ST,Oakland,CA,"{'type': 'Point', 'coordinates': [-122.28994900000001, 37.8055]}",1484.0
132,FORCIBLE RAPE,2017-01-20 14:00:00,17-003748,RAPE OF DRUGGED VICTIM,17Y,2500 7TH AV,Oakland,CA,"{'type': 'Point', 'coordinates': [-122.24234, 37.801435]}",1483.0
133,PETTY THEFT,2019-10-30 07:30:00,19-918187,THEFT,26Y,1300 66TH AV,Oakland,CA,"{'type': 'Point', 'coordinates': [-122.194556, 37.761285]}",1493.0
134,OTHER,2017-02-07 17:22:00,17-007001,SC UNEXPLAINED DEATH,03X,900 FRANKLIN ST,Oakland,CA,"{'type': 'Point', 'coordinates': [-122.271891, 37.800762]}",1484.0
135,PETTY THEFT,2017-01-23 00:00:00,17-004183,THEFT,10Y,900 41ST ST,Oakland,CA,"{'type': 'Point', 'coordinates': [-122.273729, 37.831558]}",1485.0
137,PROSTITUTION,2017-01-25 08:16:00,17-004355,LOITER:INTENT:PROSTITUTION,19X,1800 E 15TH ST,Oakland,CA,"{'type': 'Point', 'coordinates': [-122.241298, 37.787925]}",1483.0
138,MISDEMEANOR ASSAULT,2017-01-15 13:35:00,17-002633,BATTERY,35X,9400 PEACH ST,Oakland,CA,"{'type': 'Point', 'coordinates': [-122.162974, 37.751693]}",1481.0
141,BURG - AUTO,2017-05-10 00:00:00,17-024199,THEFT,26X,700 45TH AV,Oakland,CA,"{'type': 'Point', 'coordinates': [-122.218582, 37.767177]}",1188.0
143,PETTY THEFT,2017-05-24 00:00:00,17-027234,THEFT,03Y,400 7TH ST,Oakland,CA,"{'type': 'Point', 'coordinates': [-122.272977, 37.799026]}",1484.0
145,PETTY THEFT,2017-05-02 12:42:00,17-024490,THEFT,09X,3800 PIEDMONT AV,Oakland,CA,"{'type': 'Point', 'coordinates': [-122.255664, 37.823931]}",1488.0
146,PETTY THEFT,2017-05-10 20:30:00,17-024642,PETTY THEFT:$50-,17X,1600 5TH AV,Oakland,CA,"{'type': 'Point', 'coordinates': [-122.298701, 37.804884]}",1484.0
147,ARSON,2017-04-25 19:09:00,17-021482,ATTEMPT ARSON,20X,1400 MILLER AV,Oakland,CA,"{'type': 'Point', 'coordinates': [-122.234878, 37.78274]}",1188.0
148,PETTY THEFT,2017-05-14 00:00:00,17-025762,THEFT,03Y,400 7TH ST,Oakland,CA,"{'type': 'Point', 'coordinates': [-122.272977, 37.799026]}",1484.0
149,OTHER,2017-04-26 15:37:00,17-021613,SC DISTURBANCE,12X,4900 SHATTUCK AV,Oakland,CA,"{'type': 'Point', 'coordinates': [-122.26392, 37.835924]}",1486.0
150,ROBBERY,2017-04-23 20:00:00,17-023349,ROBBERY-FIREARM,33X,9700 C ST,Oakland,CA,"{'type': 'Point', 'coordinates': [-122.175399, 37.743185]}",1481.0
151,STOLEN VEHICLE,2017-05-05 21:15:00,17-023398,VEHICLE THEFT - AUTO,08X,600 W GRAND AV,Oakland,CA,"{'type': 'Point', 'coordinates': [-122.271619, 37.812425]}",1489.0
152,MISDEMEANOR ASSAULT,2017-04-25 11:50:00,17-021861,BATTERY,26Y,1300 80TH AV,Oakland,CA,"{'type': 'Point', 'coordinates': [-122.183765, 37.755347]}",1493.0
154,ROBBERY,2017-05-20 22:05:00,17-026231,ROBBERY-FIREARM,03X,200 10TH ST,Oakland,CA,"{'type': 'Point', 'coordinates': [-122.26697, 37.799236]}",1484.0
155,FELONY ASSAULT,2017-05-01 16:35:00,17-022496,BATTERY,08X,500 27TH ST,Oakland,CA,"{'type': 'Point', 'coordinates': [-122.267219, 37.816128]}",1488.0
157,OTHER,2017-04-22 18:00:00,17-020839,BATTERY,27Y,6200 E 16TH ST,Oakland,CA,"{'type': 'Point', 'coordinates': [-122.196395, 37.764545]}",1493.0
161,MISDEMEANOR ASSAULT,2017-03-26 13:00:00,17-015688,BATTERY,03X,900 WEBSTER ST,Oakland,CA,"{'type': 'Point', 'coordinates': [-122.270933, 37.799945]}",1484.0
162,PETTY THEFT,2017-04-19 13:00:00,17-020359,THEFT,19X,600 E 10TH ST,Oakland,CA,"{'type': 'Point', 'coordinates': [-122.255822, 37.793013]}",1483.0
163,DUI,2017-04-05 21:47:00,17-017760,DUI ALCOHOL/DRUGS,24X,2200 38TH AV,Oakland,CA,"{'type': 'Point', 'coordinates': [-122.212087, 37.782272]}",1188.0
164,STOLEN VEHICLE,2017-04-14 09:00:00,17-019341,VEHICLE THEFT - AUTO,04X,1400 JACKSON ST,Oakland,CA,"{'type': 'Point', 'coordinates': [-122.265237, 37.801984]}",1489.0
165,OTHER,2017-07-11 10:45:00,17-036119,TRESPASS:OCCUPY PROPERTY W/O CONSENT,21Y,2900 FRUITVALE AV,Oakland,CA,"{'type': 'Point', 'coordinates': [-122.21905, 37.793042]}",1480.0
166,BURG - AUTO,2017-07-18 18:30:00,17-037624,BURGLARY-AUTO,01X,100 JEFFERSON ST,Oakland,CA,"{'type': 'Point', 'coordinates': [-122.280313, 37.796908]}",1484.0
167,OTHER,2017-07-19 12:00:00,17-037715,BURGLARY-AUTO,25X,4000 MACARTHUR BLVD,Oakland,CA,"{'type': 'Point', 'coordinates': [-122.19766, 37.790482]}",1492.0
170,PETTY THEFT,2017-07-12 17:25:00,17-036427,THEFT,33X,8100 INTERNATIONAL BLVD,Oakland,CA,"{'type': 'Point', 'coordinates': [-122.180557, 37.756141]}",1493.0
171,BURG - AUTO,2017-07-20 19:30:00,17-038044,BURGLARY-AUTO,03X,300 13TH ST,Oakland,CA,"{'type': 'Point', 'coordinates': [-122.268037, 37.80223]}",1489.0
172,BURG - AUTO,2017-07-14 07:45:00,17-036742,BURGLARY-AUTO,09X,1900 PLEASANT VALLEY AV,Oakland,CA,"{'type': 'Point', 'coordinates': [-122.24812, 37.830891]}",1488.0
173,PETTY THEFT,2017-07-11 00:00:00,17-036820,THEFT,26Y,1100 62ND AV,Oakland,CA,"{'type': 'Point', 'coordinates': [-122.202322, 37.760402]}",1493.0
175,PETTY THEFT,2019-08-17 11:15:00,19-914461,THEFT,28X,3400 HIGH ST,Oakland,CA,"{'type': 'Point', 'coordinates': [-122.197109, 37.78614]}",1492.0
176,BURG - AUTO,2017-07-23 02:01:00,17-038424,BURGLARY-AUTO,27Y,5500 HARMON AV,Oakland,CA,"{'type': 'Point', 'coordinates': [-122.198066, 37.77108]}",1493.0
183,VANDALISM,2017-06-29 06:00:00,17-034410,VANDALISM,27Y,5900 BROMLEY AV,Oakland,CA,"{'type': 'Point', 'coordinates': [-122.196496, 37.767233]}",1493.0
184,OTHER,2016-07-01 13:00:00,17-031315,ATTEMPTED EXTORTION,19X,700 INTERNATIONAL BLVD,Oakland,CA,"{'type': 'Point', 'coordinates': [-122.252182, 37.794281]}",1483.0
185,PETTY THEFT,2017-06-16 00:00:00,17-031418,THEFT,27X,2200 47TH AV,Oakland,CA,"{'type': 'Point', 'coordinates': [-122.206181, 37.776643]}",1188.0
186,FORCIBLE RAPE,2017-05-23 12:00:00,17-028175,PIMPING,17Y,1400 E 31ST ST,Oakland,CA,"{'type': 'Point', 'coordinates': [-122.231413, 37.799276]}",1480.0
188,BURG - AUTO,2017-06-25 22:30:00,17-033330,BURGLARY-AUTO,34X,1900 92ND AV,Oakland,CA,"{'type': 'Point', 'coordinates': [-122.168095, 37.751334]}",1481.0
189,PETTY THEFT,2017-03-04 22:00:00,17-033413,THEFT,12X,4200 TELEGRAPH AV,Oakland,CA,"{'type': 'Point', 'coordinates': [-122.263995, 37.830858]}",1486.0
193,PETTY THEFT,2007-06-27 00:00:00,17-033839,THEFT,32Y,9900 MACARTHUR BLVD,Oakland,CA,"{'type': 'Point', 'coordinates': [-122.157196, 37.747372]}",1482.0
194,VANDALISM,2017-06-03 23:30:00,17-028962,VANDALISM,21X,2000 23RD AV,Oakland,CA,"{'type': 'Point', 'coordinates': [-122.232019, 37.787593]}",1483.0
195,PETTY THEFT,2017-09-23 12:00:00,17-049140,THEFT,33X,1000 82ND AV,Oakland,CA,"{'type': 'Point', 'coordinates': [-122.185277, 37.752401]}",1493.0
197,PROSTITUTION,2017-10-12 17:04:00,17-053590,VIOLATION OF PROBATION-MISD,19X,1500 17TH AV,Oakland,CA,"{'type': 'Point', 'coordinates': [-122.242366, 37.788558]}",1483.0
200,VANDALISM,2017-09-27 00:00:00,17-050863,VANDALISM,30X,7100 HOLLY ST,Oakland,CA,"{'type': 'Point', 'coordinates': [-122.184047, 37.763243]}",1493.0
203,OTHER,2017-10-15 18:00:00,17-054048,VIOLATION CUSTODY DECREE,03Y,400 7TH ST,Oakland,CA,"{'type': 'Point', 'coordinates': [-122.272977, 37.799026]}",1484.0
204,THREATS,2017-10-15 09:05:00,17-054072,THEFT,12X,5000 TELEGRAPH AV,Oakland,CA,"{'type': 'Point', 'coordinates': [-122.262463, 37.83653]}",1486.0
205,PETTY THEFT,2012-09-12 12:00:00,17-054520,DISTURB THE PEACE,06X,2700 SAN PABLO AV,Oakland,CA,"{'type': 'Point', 'coordinates': [-122.275574, 37.817896]}",1484.0
206,PETTY THEFT,2017-09-13 15:30:00,17-048181,THEFT,04X,600 21ST ST,Oakland,CA,"{'type': 'Point', 'coordinates': [-122.271397, 37.810664]}",1489.0
207,THREATS,2017-10-07 13:30:00,17-052641,ASSAULT,21X,2600 25TH AV,Oakland,CA,"{'type': 'Point', 'coordinates': [-122.224948, 37.790765]}",1188.0
208,PETTY THEFT,2017-10-07 09:30:00,17-052697,THEFT,10X,3800 SAN PABLO AV,Oakland,CA,"{'type': 'Point', 'coordinates': [-122.279104, 37.828876]}",1485.0
213,VANDALISM,2017-08-17 11:13:00,17-042994,VANDALISM,08X,400 27TH ST,Oakland,CA,"{'type': 'Point', 'coordinates': [-122.265834, 37.815959]}",1486.0
214,VANDALISM,2017-08-27 01:00:00,17-044845,VANDALISM:DEFACE PROPERTY,16Y,1600 EXCELSIOR AV,Oakland,CA,"{'type': 'Point', 'coordinates': [-122.223323, 37.801846]}",1480.0
215,PETTY THEFT,2017-08-28 11:09:00,17-045045,THEFT,19X,2200 FOOTHILL BLVD,Oakland,CA,"{'type': 'Point', 'coordinates': [-122.236303, 37.786235]}",1483.0
217,VANDALISM,2017-08-29 07:00:00,17-045376,VANDALISM,30Y,2200 80TH AV,Oakland,CA,"{'type': 'Point', 'coordinates': [-122.171535, 37.761561]}",1482.0
220,HOMICIDE,2017-09-06 02:00:00,17-046782,SC UNEXPLAINED DEATH,24X,2100 42ND AV,Oakland,CA,"{'type': 'Point', 'coordinates': [-122.210378, 37.777606]}",1188.0
221,BURG - AUTO,2017-08-13 22:00:00,17-042397,BURGLARY-AUTO,77X,9100 CALEWOOD ST,Oakland,CA,"{'type': 'Point', 'coordinates': [-122.153594, 37.757417]}",1482.0
222,GRAND THEFT,2017-12-17 00:00:00,17-065605,GRAND THEFT,29X,6600 MACARTHUR BLVD,Oakland,CA,"{'type': 'Point', 'coordinates': [-122.177957, 37.772591]}",1482.0
226,BURG - AUTO,2017-12-01 18:19:00,17-062680,BURGLARY-AUTO,18Y,1600 E 33RD ST,Oakland,CA,"{'type': 'Point', 'coordinates': [-122.22749, 37.800107]}",1480.0
228,VANDALISM,2017-12-26 18:00:00,17-067435,VANDALISM,26Y,1300 77TH AV,Oakland,CA,"{'type': 'Point', 'coordinates': [-122.18542, 37.756865]}",1493.0
232,WEAPONS,2017-12-05 21:33:00,17-063471,BATTERY,04X,600 14TH ST,Oakland,CA,"{'type': 'Point', 'coordinates': [-122.274977, 37.805825]}",1489.0
233,MISDEMEANOR ASSAULT,2017-12-15 02:27:00,17-065094,BATTERY,26Y,900 73RD AV,Oakland,CA,"{'type': 'Point', 'coordinates': [-122.19417, 37.754711]}",1493.0
238,MISDEMEANOR ASSAULT,2017-12-22 00:07:00,17-066441,BATTERY,21X,2500 INYO AV,Oakland,CA,"{'type': 'Point', 'coordinates': [-122.22767, 37.791355]}",1188.0
239,BURG - RESIDENTIAL,2017-11-26 20:00:00,17-062044,BURGLARY-NO FORCE,11X,600 62ND ST,Oakland,CA,"{'type': 'Point', 'coordinates': [-122.265564, 37.848031]}",1486.0
241,GRAND THEFT,2016-10-01 09:00:00,17-059125,THEFT,24X,3500 GALINDO ST,Oakland,CA,"{'type': 'Point', 'coordinates': [-122.216747, 37.784224]}",1188.0
243,PETTY THEFT,2017-10-27 09:38:00,17-056431,THEFT,01X,JACKSON ST & 2ND ST,Oakland,CA,"{'type': 'Point', 'coordinates': [-122.270404, 37.793734]}",1484.0
244,DUI,2017-11-04 22:06:00,17-058034,DUI ALCOHOL/DRUGS,34X,1700 AUSEON AV,Oakland,CA,"{'type': 'Point', 'coordinates': [-122.172845, 37.753865]}",1493.0
245,MISDEMEANOR ASSAULT,2017-10-19 23:00:00,17-054928,BATTERY,24X,4000 LYON AV,Oakland,CA,"{'type': 'Point', 'coordinates': [-122.207507, 37.78302]}",1188.0
246,PETTY THEFT,2017-10-28 05:00:00,17-056652,THEFT,14X,200 ADAMS ST,Oakland,CA,"{'type': 'Point', 'coordinates': [-122.257957, 37.813228]}",1487.0
249,PETTY THEFT,2017-10-29 00:00:00,17-058980,THEFT,30X,7400 KRAUSE AV,Oakland,CA,"{'type': 'Point', 'coordinates': [-122.177712, 37.764159]}",1482.0
255,BURG - AUTO,2017-06-29 03:00:00,17-911126,BURGLARY-AUTO,04X,500 16TH ST,Oakland,CA,"{'type': 'Point', 'coordinates': [-122.270459, 37.806119]}",1489.0
257,PETTY THEFT,2017-04-10 13:30:00,17-905872,THEFT,08X,3400 TELEGRAPH AV,Oakland,CA,"{'type': 'Point', 'coordinates': [-122.266173, 37.822749]}",1486.0
258,BURG - AUTO,2017-04-11 18:00:00,17-905938,BURGLARY-AUTO,10X,1100 65TH ST,Oakland,CA,"{'type': 'Point', 'coordinates': [-122.285417, 37.848035]}",1485.0
259,PETTY THEFT,2017-06-21 08:37:00,17-909714,THEFT,02X,1300 7TH ST,Oakland,CA,"{'type': 'Point', 'coordinates': [-122.291652, 37.804641]}",1484.0
262,BURG - AUTO,2017-06-25 23:25:00,17-909930,BURGLARY-AUTO,01X,200 WEBSTER ST,Oakland,CA,"{'type': 'Point', 'coordinates': [-122.273739, 37.795442]}",1484.0
263,BURG - AUTO,2017-04-18 18:00:00,17-906300,BURGLARY-AUTO,12Y,6200 FLORIO ST,Oakland,CA,"{'type': 'Point', 'coordinates': [-122.252284, 37.849398]}",1491.0
269,BURG - AUTO,2017-04-08 22:30:00,17-905730,BURGLARY-AUTO,12Y,6000 HARWOOD AV,Oakland,CA,"{'type': 'Point', 'coordinates': [-122.252143, 37.848113]}",1491.0
271,GRAND THEFT,2016-12-26 13:00:00,17-900033,GRAND THEFT,22Y,3100 CARLSEN ST,Oakland,CA,"{'type': 'Point', 'coordinates': [-122.197877, 37.801394]}",1480.0
273,PETTY THEFT,2017-01-27 13:00:00,17-901715,THEFT,22X,3900 OAKMORE RD,Oakland,CA,"{'type': 'Point', 'coordinates': [-122.214991, 37.807098]}",1480.0
274,PETTY THEFT,2017-01-04 22:00:00,17-900344,THEFT,03X,1000 JACKSON ST,Oakland,CA,"{'type': 'Point', 'coordinates': [-122.266902, 37.799343]}",1484.0
275,BURG - AUTO,2017-02-20 18:00:00,17-903228,BURGLARY-AUTO,14X,300 BELLEVUE AV,Oakland,CA,"{'type': 'Point', 'coordinates': [-122.253365, 37.812612]}",1487.0
278,PETTY THEFT,2017-02-21 21:30:00,17-904578,THEFT,27Y,1900 65TH AV,Oakland,CA,"{'type': 'Point', 'coordinates': [-122.191733, 37.764658]}",1493.0
279,BURG - AUTO,2017-02-04 21:00:00,17-902210,BURGLARY-AUTO,08X,100 GRAND AV,Oakland,CA,"{'type': 'Point', 'coordinates': [-122.265382, 37.811431999999996]}",1489.0
280,VANDALISM,2017-02-26 17:35:00,17-903552,VANDALISM,08X,VALDEZ ST & 24TH ST,Oakland,CA,"{'type': 'Point', 'coordinates': [-122.263844, 37.813111]}",1489.0
281,BURG - AUTO,2017-02-27 22:00:00,17-903685,BURGLARY-AUTO,10X,5500 MARSHALL ST,Oakland,CA,"{'type': 'Point', 'coordinates': [-122.283286, 37.838582]}",1485.0
293,ROBBERY,2018-01-09 21:45:00,18-001582,ROBBERY-FIREARM,17Y,2400 11TH AV,Oakland,CA,"{'type': 'Point', 'coordinates': [-122.239626, 37.797943]}",1483.0
298,BURG - AUTO,2017-12-10 17:55:00,17-919508,BURGLARY-AUTO,31X,400 HEGENBERGER RD,Oakland,CA,"{'type': 'Point', 'coordinates': [-122.197083, 37.735772]}",1481.0
299,DUI,2018-01-13 02:25:00,18-002175,DUI ALCOHOL/DRUGS,12Y,6500 TELEGRAPH AV,Oakland,CA,"{'type': 'Point', 'coordinates': [-122.260404, 37.851026]}",1486.0
307,VANDALISM,2017-09-12 10:10:00,17-914313,VANDALISM,32Y,2300 106TH AV,Oakland,CA,"{'type': 'Point', 'coordinates': [-122.155147, 37.742029]}",1481.0
313,VANDALISM,2017-09-13 19:20:00,17-914533,VANDALISM,12X,400 49TH ST,Oakland,CA,"{'type': 'Point', 'coordinates': [-122.258874, 37.835331]}",1486.0
314,PETTY THEFT,2017-10-05 12:35:00,17-915638,THEFT,07X,3200 MAGNOLIA ST,Oakland,CA,"{'type': 'Point', 'coordinates': [-122.281967, 37.824292]}",1485.0
316,VANDALISM,2017-07-31 17:45:00,17-913158,VANDALISM,09X,4000 HOWE ST,Oakland,CA,"{'type': 'Point', 'coordinates': [-122.253941, 37.826481]}",1488.0
318,BURG - AUTO,2017-10-06 11:00:00,17-915740,BURGLARY-AUTO,04X,1600 HARRISON ST,Oakland,CA,"{'type': 'Point', 'coordinates': [-122.266523, 37.804651]}",1489.0
322,PETTY THEFT,2017-07-26 18:00:00,17-912043,THEFT,04X,300 20TH ST,Oakland,CA,"{'type': 'Point', 'coordinates': [-122.264712, 37.80816]}",1489.0
323,PETTY THEFT,2017-07-29 10:30:00,17-912115,THEFT,13X,6000 ROMANY RD,Oakland,CA,"{'type': 'Point', 'coordinates': [-122.235178, 37.843567]}",1491.0
324,BURG - AUTO,2017-08-25 21:00:00,17-913470,BURGLARY-AUTO,08X,400 26TH ST,Oakland,CA,"{'type': 'Point', 'coordinates': [-122.266322, 37.815145]}",1489.0
325,BURG - AUTO,2017-08-02 19:15:00,17-912290,BURGLARY-AUTO,08X,2400 WEBSTER ST,Oakland,CA,"{'type': 'Point', 'coordinates': [-122.264865, 37.813446]}",1489.0
328,STOLEN VEHICLE,2018-04-05 20:15:00,18-017157,VEHICLE THEFT - AUTO,03X,1000 WEBSTER ST,Oakland,CA,"{'type': 'Point', 'coordinates': [-122.270503, 37.800633]}",1484.0
332,BURG - AUTO,2018-03-22 23:00:00,18-014726,BURGLARY-AUTO,22Y,2900 GEORGIA ST,Oakland,CA,"{'type': 'Point', 'coordinates': [-122.207491, 37.797432]}",1480.0
334,VANDALISM,2018-02-19 12:40:00,18-009314,VANDALISM,14X,200 BAY PL,Oakland,CA,"{'type': 'Point', 'coordinates': [-122.261111, 37.8126]}",1487.0
336,OTHER,2018-01-26 10:00:00,18-004691,KIDNAPPING,03X,1300 BROADWAY,Oakland,CA,"{'type': 'Point', 'coordinates': [-122.271636, 37.803663]}",1489.0
339,ROBBERY,2018-02-24 19:58:00,18-009962,ROBBERY-FIREARM,20X,3000 E 9TH ST,Oakland,CA,"{'type': 'Point', 'coordinates': [-122.231174, 37.774568]}",1188.0
340,RECOVERED O/S STOLEN,2018-01-29 18:55:00,18-005176,VEHICLE THEFT - AUTO,30X,7000 HOLLY ST,Oakland,CA,"{'type': 'Point', 'coordinates': [-122.184418, 37.763613]}",1493.0
341,PETTY THEFT,2018-01-26 00:00:00,18-010289,THEFT,03X,600 OAK ST,Oakland,CA,"{'type': 'Point', 'coordinates': [-122.266309, 37.795564]}",1484.0
342,GRAND THEFT,2018-02-07 18:40:00,18-006948,GRAND THEFT,22Y,4100 REDWOOD RD,Oakland,CA,"{'type': 'Point', 'coordinates': [-122.183222, 37.79774]}",1492.0
348,STOLEN VEHICLE,2018-01-20 14:00:00,18-004398,VEHICLE THEFT - AUTO,26Y,1000 76TH AV,Oakland,CA,"{'type': 'Point', 'coordinates': [-122.19097, 37.754202]}",1493.0
350,MISDEMEANOR ASSAULT,2018-02-04 21:43:00,18-006345,BATTERY,19X,1200 7TH AV,Oakland,CA,"{'type': 'Point', 'coordinates': [-122.253026, 37.793688]}",1483.0
352,OTHER,2018-06-20 09:35:00,18-030724,DISTURB THE PEACE,20X,1500 24TH AV,Oakland,CA,"{'type': 'Point', 'coordinates': [-122.233418, 37.783577]}",1188.0
357,FELONY ASSAULT,2018-05-28 01:20:00,18-026614,EXHIBIT FIREARM,26Y,1100 65TH AV,Oakland,CA,"{'type': 'Point', 'coordinates': [-122.196429, 37.761547]}",1493.0
358,PETTY THEFT,2018-06-05 16:00:00,18-028312,BURGLARY-AUTO,33X,1000 83RD AV,Oakland,CA,"{'type': 'Point', 'coordinates': [-122.184688, 37.75152]}",1493.0
361,DISORDERLY CONDUCT,2018-06-07 16:57:00,18-028534,DISTURB THE PEACE,03Y,400 7TH ST,Oakland,CA,"{'type': 'Point', 'coordinates': [-122.272977, 37.799026]}",1484.0
362,VANDALISM,2018-06-13 22:52:00,18-029631,"VANDALISM [$400 TO $5,000]",06X,600 SYCAMORE ST,Oakland,CA,"{'type': 'Point', 'coordinates': [-122.270452, 37.815423]}",1489.0
363,BURG - RESIDENTIAL,2018-04-19 09:45:00,18-020256,BURGLARY-NO FORCE,30Y,2700 79TH AV,Oakland,CA,"{'type': 'Point', 'coordinates': [-122.169549, 37.764182]}",1482.0
364,PETTY THEFT,2018-05-22 09:00:00,18-020473,THEFT,17Y,3200 BEAUMONT AV,Oakland,CA,"{'type': 'Point', 'coordinates': [-122.229169, 37.79963]}",1480.0
365,WEAPONS,2018-05-12 04:50:00,18-023771,EXHIBIT FIREARM,04X,600 WILLIAM ST,Oakland,CA,"{'type': 'Point', 'coordinates': [-122.27142, 37.809209]}",1489.0
366,MISDEMEANOR ASSAULT,2018-05-13 13:00:00,18-024050,BATTERY,23X,1500 34TH AV,Oakland,CA,"{'type': 'Point', 'coordinates': [-122.223038, 37.778287]}",1188.0
367,PETTY THEFT,2018-04-15 01:55:00,18-018803,THEFT,27X,5300 BANCROFT AV,Oakland,CA,"{'type': 'Point', 'coordinates': [-122.202882, 37.771774]}",1188.0
369,BURG - AUTO,2018-05-12 00:00:00,18-024253,BURGLARY-AUTO,04X,2200 BROADWAY,Oakland,CA,"{'type': 'Point', 'coordinates': [-122.266961, 37.810963]}",1489.0
370,PETTY THEFT,2018-04-15 23:00:00,18-019022,THEFT,02X,1200 8TH ST,Oakland,CA,"{'type': 'Point', 'coordinates': [-122.289094, 37.805125]}",1484.0
372,PETTY THEFT,2018-05-05 12:25:00,18-022537,THEFT,03Y,400 7TH ST,Oakland,CA,"{'type': 'Point', 'coordinates': [-122.272977, 37.799026]}",1484.0
374,MISDEMEANOR ASSAULT,2018-04-09 08:42:00,18-017687,THEFT,32X,9800 HOLLY ST,Oakland,CA,"{'type': 'Point', 'coordinates': [-122.169353, 37.744869]}",1481.0
377,MISDEMEANOR ASSAULT,2018-08-08 07:20:00,18-039535,BATTERY,35X,2300 92ND AV,Oakland,CA,"{'type': 'Point', 'coordinates': [-122.164087, 37.753201]}",1481.0
378,PETTY THEFT,2018-09-01 19:00:00,18-044382,THEFT,34X,1900 85TH AV,Oakland,CA,"{'type': 'Point', 'coordinates': [-122.171702, 37.75626]}",1493.0
379,PETTY THEFT,2018-09-01 23:23:00,18-044421,THEFT,07X,2700 PERALTA ST,Oakland,CA,"{'type': 'Point', 'coordinates': [-122.286399, 37.820812]}",1484.0
380,PROSTITUTION,2018-07-31 06:28:00,18-038139,LOITER:INTENT:PROSTITUTION,19X,19TH AV & E 15TH ST,Oakland,CA,"{'type': 'Point', 'coordinates': [-122.240264, 37.787307]}",1483.0
384,PETTY THEFT,2018-07-09 02:18:00,18-034027,THEFT BY USE OF ACCESS CARD,31X,200 HEGENBERGER RD,Oakland,CA,"{'type': 'Point', 'coordinates': [-122.199289, 37.731083]}",1493.0
385,PETTY THEFT,2018-07-24 22:00:00,18-037104,THEFT,25Y,LEONA DR & OLD QUARRY LOOP,Oakland,CA,"{'type': 'Point', 'coordinates': [-122.163761, 37.778407]}",1482.0
386,BURG - AUTO,2018-07-26 21:00:00,18-037335,BURGLARY-AUTO,08X,2400 TELEGRAPH AV,Oakland,CA,"{'type': 'Point', 'coordinates': [-122.268493, 37.813813]}",1489.0
391,MISDEMEANOR ASSAULT,2018-07-21 15:11:00,18-036368,BATTERY,02Y,1600 8TH ST,Oakland,CA,"{'type': 'Point', 'coordinates': [-122.297404, 37.807016]}",1484.0
392,HOMICIDE,2018-07-15 10:49:00,18-035250,SC UNEXPLAINED DEATH,17X,1800 10TH AV,Oakland,CA,"{'type': 'Point', 'coordinates': [-122.245993, 37.794709]}",1483.0
393,BURG - AUTO,2018-07-20 19:00:00,18-036510,BURGLARY-AUTO,04X,21ST ST & BROADWAY,Oakland,CA,"{'type': 'Point', 'coordinates': [-122.267532, 37.810023]}",1489.0
395,BURG - AUTO,2018-07-23 12:45:00,18-036667,BURGLARY-AUTO,31X,400 HEGENBERGER RD,Oakland,CA,"{'type': 'Point', 'coordinates': [-122.197083, 37.735772]}",1481.0
396,BURG - AUTO,2018-06-27 17:30:00,18-032122,BURGLARY-AUTO,08X,2400 WEBSTER ST,Oakland,CA,"{'type': 'Point', 'coordinates': [-122.264865, 37.813446]}",1489.0
397,HOMICIDE,2018-07-07 20:00:00,18-033853,MURDER,33X,9700 C ST,Oakland,CA,"{'type': 'Point', 'coordinates': [-122.175399, 37.743185]}",1481.0
401,VANDALISM,2018-11-09 22:30:00,18-057164,VANDALISM,23X,1500 38TH AV,Oakland,CA,"{'type': 'Point', 'coordinates': [-122.219244, 37.775698]}",1188.0
404,VANDALISM,2018-10-28 09:51:00,18-054743,VANDALISM,20X,1700 27TH AV,Oakland,CA,"{'type': 'Point', 'coordinates': [-122.229197, 37.783145]}",1188.0
406,BURG - AUTO,2018-10-11 19:45:00,18-051717,BURGLARY-AUTO,08X,2400 WEBSTER ST,Oakland,CA,"{'type': 'Point', 'coordinates': [-122.264865, 37.813446]}",1489.0
407,VANDALISM,2018-10-21 10:09:00,18-053446,VANDALISM,02Y,800 PINE ST,Oakland,CA,"{'type': 'Point', 'coordinates': [-122.303271, 37.80871]}",1484.0
408,PETTY THEFT,2018-11-05 10:50:00,18-056092,THEFT,32Y,2500 109TH AV,Oakland,CA,"{'type': 'Point', 'coordinates': [-122.151431, 37.740831]}",1481.0
409,VANDALISM,2018-10-22 06:15:00,18-053576,VANDALISM,02X,1000 7TH ST,Oakland,CA,"{'type': 'Point', 'coordinates': [-122.284972, 37.803233]}",1484.0
415,NARCOTICS,2018-10-25 05:35:00,18-054172,DISTURB THE PEACE,07X,2300 SAN PABLO AV,Oakland,CA,"{'type': 'Point', 'coordinates': [-122.274188, 37.813591]}",1489.0
417,VANDALISM,2018-11-07 21:13:00,18-056886,VANDALISM,33X,900 92ND AV,Oakland,CA,"{'type': 'Point', 'coordinates': [-122.181683, 37.744747]}",1481.0
419,VANDALISM,2018-10-06 00:00:00,18-050786,VANDALISM,30Y,7700 NEY AV,Oakland,CA,"{'type': 'Point', 'coordinates': [-122.167893, 37.767813]}",1482.0
420,ROBBERY,2018-09-21 22:15:00,18-048005,ROBBERY-FIREARM,32X,1500 105TH AV,Oakland,CA,"{'type': 'Point', 'coordinates': [-122.165402, 37.739902]}",1481.0
421,BURG - AUTO,2018-09-12 21:15:00,18-046397,BURGLARY-AUTO,04X,400 17TH ST,Oakland,CA,"{'type': 'Point', 'coordinates': [-122.268505, 37.806175]}",1489.0
422,PETTY THEFT,2018-09-13 11:38:00,18-046512,THEFT,04X,500 16TH ST,Oakland,CA,"{'type': 'Point', 'coordinates': [-122.270459, 37.806119]}",1489.0
423,BURG - AUTO,2018-09-02 14:00:00,18-046585,BURGLARY-AUTO,26Y,7600 HAWLEY ST,Oakland,CA,"{'type': 'Point', 'coordinates': [-122.193142, 37.75362]}",1493.0
424,THREATS,2018-09-05 01:38:00,18-044888,VANDALISM,31X,8400 EDGEWATER DR,Oakland,CA,"{'type': 'Point', 'coordinates': [-122.198228, 37.737486]}",1493.0
426,OTHER,2018-09-15 22:40:00,18-046913,BATTERY:SPOUSE/EX SPOUSE/DATE/ETC,17X,2000 10TH AV,Oakland,CA,"{'type': 'Point', 'coordinates': [-122.244085, 37.795983]}",1483.0
427,MISDEMEANOR ASSAULT,2018-09-06 20:20:00,18-045260,BATTERY,34X,1600 85TH AV,Oakland,CA,"{'type': 'Point', 'coordinates': [-122.17504, 37.754709]}",1493.0
428,OTHER,2018-09-16 10:28:00,18-046982,CRIMINAL CONTEMPT,30Y,2600 73RD AV,Oakland,CA,"{'type': 'Point', 'coordinates': [-122.175421, 37.766901]}",1482.0
429,STOLEN VEHICLE,2018-09-06 20:45:00,18-045275,VEHICLE THEFT - AUTO,03X,300 9TH ST,Oakland,CA,"{'type': 'Point', 'coordinates': [-122.269606, 37.799419]}",1484.0
430,PETTY THEFT,2018-09-25 17:00:00,18-049139,THEFT,20X,3000 E 18TH ST,Oakland,CA,"{'type': 'Point', 'coordinates': [-122.224673, 37.782319]}",1188.0
431,PETTY THEFT,2018-09-07 19:00:00,18-045716,THEFT,06X,1000 36TH ST,Oakland,CA,"{'type': 'Point', 'coordinates': [-122.277145, 37.826799]}",1485.0
484,OTHER,2019-03-05 12:00:00,19-004658,PIMPING,31X,1800 90TH AVE,Oakland,CA,"{'type': 'Point', 'coordinates': [-122.170117, 37.751556]}",1481.0
492,OTHER,2019-01-06 11:36:00,19-000869,BATTERY,19X,500 E 12TH ST,Oakland,CA,"{'type': 'Point', 'coordinates': [-122.254431, 37.795103]}",1483.0
542,OTHER,2019-11-14 01:56:00,19-059379,BATTERY,03Y,600 10TH ST,Oakland,CA,"{'type': 'Point', 'coordinates': [-122.276702, 37.803035]}",1484.0
548,PETTY THEFT,2021-04-30 21:00:00,21-019789,THEFT,27Y,2200 SEMINARY AV,Oakland,CA,"{'type': 'Point', 'coordinates': [-122.194323, 37.768774]}",1482.0
549,OTHER,2019-10-27 20:00:00,19-056273,THEFT,04X,500 16TH ST,Oakland,CA,"{'type': 'Point', 'coordinates': [-122.270459, 37.806119]}",1489.0
550,GRAND THEFT,2021-04-14 00:25:00,21-905615,THEFT,35X,9600 STEARNS AV,Oakland,CA,"{'type': 'Point', 'coordinates': [-122.156054, 37.752671]}",1482.0
551,PETTY THEFT,2021-05-19 21:00:00,21-908103,THEFT,16Y,1600 E 38TH ST,Oakland,CA,"{'type': 'Point', 'coordinates': [-122.223214, 37.803192]}",1480.0
559,PETTY THEFT,2021-04-14 00:00:00,21-017069,THEFT,30X,2000 73RD AV,Oakland,CA,"{'type': 'Point', 'coordinates': [-122.181863, 37.762546]}",1493.0
560,PETTY THEFT,2016-03-07 16:20:00,16-012620,THEFT,32Y,9800 STANLEY AV,Oakland,CA,"{'type': 'Point', 'coordinates': [-122.153432, 37.752337]}",1482.0
561,PETTY THEFT,2016-01-02 23:00:00,16-000370,THEFT,35X,9100 BURR ST,Oakland,CA,"{'type': 'Point', 'coordinates': [-122.158001, 37.755603]}",1482.0
567,PETTY THEFT,2021-05-20 05:50:00,21-023178,THEFT,24X,1900 36TH AV,Oakland,CA,"{'type': 'Point', 'coordinates': [-122.218667, 37.78083]}",1188.0
570,VANDALISM,2021-06-30 19:45:00,21-910268,VANDALISM,15X,600 ATHOL AV,Oakland,CA,"{'type': 'Point', 'coordinates': [-122.243207, 37.805768]}",1487.0
572,OTHER,2021-04-04 18:28:00,21-015360,EXHIBIT FIREARM,33X,900 85TH AV,Oakland,CA,"{'type': 'Point', 'coordinates': [-122.18546, 37.749402]}",1493.0
577,DUI,2021-06-13 20:14:00,21-027337,DUI ALCOHOL/DRUGS,19X,1500 16TH AV,Oakland,CA,"{'type': 'Point', 'coordinates': [-122.243166, 37.78943]}",1483.0
585,PETTY THEFT,2016-02-19 17:15:00,16-009372,THEFT,03X,100 9TH ST,Oakland,CA,"{'type': 'Point', 'coordinates': [-122.265387, 37.797755]}",1484.0
605,GRAND THEFT,2021-05-06 04:00:00,21-906678,THEFT,11X,5900 RACINE ST,Oakland,CA,"{'type': 'Point', 'coordinates': [-122.261801, 37.845385]}",1486.0
611,FRAUD,2019-10-28 04:15:00,19-917711,THEFT,05X,1100 16TH ST,Oakland,CA,"{'type': 'Point', 'coordinates': [-122.284469, 37.810807]}",1484.0
612,VANDALISM,2021-03-31 14:00:00,21-018065,VANDALISM,06X,700 37TH ST,Oakland,CA,"{'type': 'Point', 'coordinates': [-122.270371, 37.826462]}",1486.0
622,VANDALISM,2021-04-22 06:00:00,21-905973,VANDALISM,01X,200 2ND ST,Oakland,CA,"{'type': 'Point', 'coordinates': [-122.270827, 37.793899]}",1484.0
623,PETTY THEFT,2016-01-01 00:00:00,16-009611,THEFT,05Y,1600 CAMPBELL ST,Oakland,CA,"{'type': 'Point', 'coordinates': [-122.293821, 37.813826]}",1484.0
629,PETTY THEFT,2016-03-27 00:00:00,16-017130,THEFT,30X,7400 LOCKWOOD ST,Oakland,CA,"{'type': 'Point', 'coordinates': [-122.180482, 37.762252]}",1493.0
632,PETTY THEFT,2016-01-15 13:00:00,16-002682,THEFT,34X,1900 87TH AV,Oakland,CA,"{'type': 'Point', 'coordinates': [-122.170675, 37.754092]}",1493.0
635,OTHER,2016-03-26 09:51:00,16-015944,EXHIBIT FIREARM,34X,1400 90TH AV,Oakland,CA,"{'type': 'Point', 'coordinates': [-122.174124, 37.749704]}",1481.0
637,VANDALISM,2021-06-16 12:15:00,21-910342,VANDALISM,31Y,700 76TH AV,Oakland,CA,"{'type': 'Point', 'coordinates': [-122.195332, 37.751346]}",1493.0
641,PETTY THEFT,2016-04-25 18:30:00,16-022296,THEFT,12Y,400 63RD ST,Oakland,CA,"{'type': 'Point', 'coordinates': [-122.256786, 37.849237]}",1491.0
645,PETTY THEFT,2021-06-25 12:30:00,21-029821,THEFT,08X,400 28TH ST,Oakland,CA,"{'type': 'Point', 'coordinates': [-122.264966, 37.81639]}",1486.0
649,PETTY THEFT,2016-01-11 13:30:00,16-001900,THEFT,26Y,1100 SEMINARY AV,Oakland,CA,"{'type': 'Point', 'coordinates': [-122.204613, 37.761532]}",1493.0
650,VANDALISM,2021-06-15 00:00:00,21-909320,VANDALISM,17Y,2600 11TH AV,Oakland,CA,"{'type': 'Point', 'coordinates': [-122.23817, 37.798998]}",1483.0
651,VANDALISM,2021-04-27 03:10:00,21-906304,VANDALISM,19X,1500 5TH AV,Oakland,CA,"{'type': 'Point', 'coordinates': [-122.296485, 37.80436]}",1484.0
652,DOMESTIC VIOLENCE,2016-03-18 01:40:00,16-014477,BATTERY:SPOUSE/EX SPOUSE/DATE/ETC,30X,6600 BANCROFT AV,Oakland,CA,"{'type': 'Point', 'coordinates': [-122.183239, 37.769774]}",1482.0
653,BURG - COMMERCIAL,2021-06-27 05:51:00,21-029600,BURGLARY-FORCIBLE ENTRY,14Y,3200 GRAND AV,Oakland,CA,"{'type': 'Point', 'coordinates': [-122.247926, 37.811458]}",1487.0
654,WEAPONS,2021-04-22 08:54:00,21-018308,CARRY CONCEALED WEAPON- UNLAWFUL POSSESS,30X,8100 INTERNATIONAL BLVD,Oakland,CA,"{'type': 'Point', 'coordinates': [-122.180557, 37.756141]}",1493.0
655,VANDALISM,2021-05-25 10:10:00,21-907916,VANDALISM,22Y,2900 GEORGIA ST,Oakland,CA,"{'type': 'Point', 'coordinates': [-122.207491, 37.797432]}",1480.0
657,STOLEN VEHICLE,2021-04-08 17:50:00,21-016112,VEHICLE THEFT - AUTO,15X,600 BROOKLYN AV,Oakland,CA,"{'type': 'Point', 'coordinates': [-122.24898, 37.804696]}",1483.0
658,MISDEMEANOR ASSAULT,2021-06-26 16:25:00,21-029506,BATTERY,30X,7800 PLYMOUTH ST,Oakland,CA,"{'type': 'Point', 'coordinates': [-122.178137, 37.760801]}",1493.0
659,BURG - OTHER,2016-02-03 14:58:00,16-006354,GET CREDIT/ETC OTHER'S ID,21Y,2800 BROOKDALE AV,Oakland,CA,"{'type': 'Point', 'coordinates': [-122.21908, 37.79305]}",1480.0
660,ROBBERY,2016-02-24 17:20:00,16-010250,ROBBERY-FIREARM,24Y,3000 BARTLETT ST,Oakland,CA,"{'type': 'Point', 'coordinates': [-122.207253, 37.790861]}",1480.0
661,OTHER,2012-11-16 08:00:00,12-058067,VIOLATION OF PROBATION-FELONY,27Y,1400 56TH AV,Oakland,CA,"{'type': 'Point', 'coordinates': [-122.202577, 37.766556]}",1493.0
662,HOMICIDE,2016-04-10 15:19:00,16-018960,SC UNEXPLAINED DEATH,08X,100 GRAND AV,Oakland,CA,"{'type': 'Point', 'coordinates': [-122.265382, 37.811431999999996]}",1489.0
663,BURG - AUTO,2016-03-02 00:00:00,16-012957,BURGLARY-AUTO,20X,1700 26TH AV,Oakland,CA,"{'type': 'Point', 'coordinates': [-122.229769, 37.78364]}",1188.0
664,ROBBERY,2016-01-27 07:00:00,16-004828,"ROBBERY - STRONG ARM (HANDS, FISTS, FEET, ETC.)",30Y,7900 MACARTHUR BLVD,Oakland,CA,"{'type': 'Point', 'coordinates': [-122.167085, 37.765231]}",1482.0
665,FELONY ASSAULT,2016-01-15 12:50:00,16-002673,WILLFUL DISCHARGE FIREARM IN NEGLIGENT MANNER,10X,900 STANFORD AV,Oakland,CA,"{'type': 'Point', 'coordinates': [-122.275251, 37.844374]}",1485.0
666,STOLEN VEHICLE,2015-12-27 17:00:00,15-068459,VEHICLE THEFT - AUTO,08X,24TH ST & BROADWAY,Oakland,CA,"{'type': 'Point', 'coordinates': [-122.265569, 37.813404]}",1489.0
667,FELONY ASSAULT,2021-04-11 21:11:00,21-016592,WILLFUL DISCHARGE FIREARM IN NEGLIGENT MANNER,30X,1600 CHURCH ST,Oakland,CA,"{'type': 'Point', 'coordinates': [-122.18851, 37.762419]}",1493.0
668,DOMESTIC VIOLENCE,2021-04-04 23:54:00,21-015222,INFLICT CORPORAL INJURY ON SPOUSE/COHABITANT,27Y,50TH AV & BANCROFT AV,Oakland,CA,"{'type': 'Point', 'coordinates': [-122.20704, 37.771785]}",1188.0
670,DOMESTIC VIOLENCE,2016-04-06 08:00:00,16-018088,BATTERY:SPOUSE/EX SPOUSE/DATE/ETC,33X,9200 C ST,Oakland,CA,"{'type': 'Point', 'coordinates': [-122.177523, 37.746021]}",1481.0
671,BURG - RESIDENTIAL,2015-12-21 05:15:00,15-067266,BURGLARY-FORCIBLE ENTRY,22X,2700 ALIDA ST,Oakland,CA,"{'type': 'Point', 'coordinates': [-122.202528, 37.805515]}",1480.0
672,VANDALISM,2016-02-23 11:30:00,16-010152,VANDALISM,30X,7800 LOCKWOOD ST,Oakland,CA,"{'type': 'Point', 'coordinates': [-122.178744, 37.760549]}",1493.0
673,PROSTITUTION,2016-04-13 20:49:00,16-019669,DISORDERLY CONDUCT:PROSTITUTION,19X,1400 10TH AV,Oakland,CA,"{'type': 'Point', 'coordinates': [-122.249352, 37.792316]}",1483.0
674,BURG - AUTO,2016-01-15 00:00:00,16-011119,BURGLARY-AUTO,08X,500 32ND ST,Oakland,CA,"{'type': 'Point', 'coordinates': [-122.266751, 37.820938]}",1486.0
675,FELONY ASSAULT,2021-06-21 03:03:00,21-028504,WILLFUL DISCHARGE FIREARM IN NEGLIGENT MANNER,26Y,6000 TEVIS ST,Oakland,CA,"{'type': 'Point', 'coordinates': [-122.201881, 37.762083]}",1493.0
676,FELONY ASSAULT,2021-05-20 15:30:00,21-023101,ASSAULT WITH FIREARM ON PERSON,15X,LAKESHORE AV & BEACON ST,Oakland,CA,"{'type': 'Point', 'coordinates': [-122.247657, 37.809036]}",1487.0
677,VANDALISM,2021-05-24 14:20:00,21-023784,VANDALISM,04X,1700 BROADWAY,Oakland,CA,"{'type': 'Point', 'coordinates': [-122.269629, 37.806798]}",1489.0
679,STOLEN VEHICLE,2021-05-22 22:00:00,21-023539,POSS STOLEN VEH/VES/ETC,35Y,4200 KELLER AV,Oakland,CA,"{'type': 'Point', 'coordinates': [-122.153523, 37.771938]}",1482.0
680,FELONY ASSAULT,2016-01-23 21:16:00,16-004198,ASSAULT WITH FIREARM ON PERSON,34X,2000 84TH AV,Oakland,CA,"{'type': 'Point', 'coordinates': [-122.171043, 37.75762]}",1493.0
681,DOMESTIC VIOLENCE,2016-01-31 11:07:00,16-005674,BATTERY:SPOUSE/EX SPOUSE/DATE/ETC,30Y,2700 74TH AV,Oakland,CA,"{'type': 'Point', 'coordinates': [-122.172635, 37.767796]}",1482.0
682,NARCOTICS,2021-06-18 19:00:00,21-028147,ILLEGALLY POSSESS ANY ASSUALT WEAPON,34X,8400 INTERNATIONAL BLVD,Oakland,CA,"{'type': 'Point', 'coordinates': [-122.17775, 37.754272]}",1493.0
683,VANDALISM,2021-06-22 07:15:00,21-909762,VANDALISM,06X,600 30TH ST,Oakland,CA,"{'type': 'Point', 'coordinates': [-122.270958, 37.819655]}",1486.0
684,BURG - AUTO,2021-04-23 13:00:00,21-906083,BURGLARY-AUTO,31X,300 HEGENBERGER RD,Oakland,CA,"{'type': 'Point', 'coordinates': [-122.197602, 37.734635]}",1481.0
685,STOLEN VEHICLE,2016-04-19 22:40:00,16-020870,POSSESS/ETC BURGLARY TOOLS,33X,9400 B ST,Oakland,CA,"{'type': 'Point', 'coordinates': [-122.176053, 37.745663]}",1481.0
686,OTHER,2021-04-02 06:50:00,21-904906,MAIL/ETC THEFT/ETC,13X,5400 BROADWAY,Oakland,CA,"{'type': 'Point', 'coordinates': [-122.249377, 37.839262]}",1491.0
687,VANDALISM,2016-02-10 22:00:00,16-007673,VANDALISM,34X,1900 96TH AV,Oakland,CA,"{'type': 'Point', 'coordinates': [-122.165951, 37.74837]}",1481.0
688,PETTY THEFT,2016-01-08 09:00:00,16-001893,THEFT,01X,200 BROADWAY,Oakland,CA,"{'type': 'Point', 'coordinates': [-122.276074, 37.796401]}",1484.0
689,BURG - AUTO,2021-04-22 13:15:00,21-018352,BURGLARY-FORCIBLE ENTRY,01X,400 2ND ST,Oakland,CA,"{'type': 'Point', 'coordinates': [-122.275115, 37.795585]}",1484.0
690,VANDALISM,2021-06-12 01:30:00,21-909103,VANDALISM,12Y,5200 LAWTON AV,Oakland,CA,"{'type': 'Point', 'coordinates': [-122.255769, 37.837224]}",1491.0
691,STOLEN VEHICLE,2016-05-04 10:00:00,16-024299,VEHICLE THEFT - AUTO,14Y,700 RAND AV,Oakland,CA,"{'type': 'Point', 'coordinates': [-122.245951, 37.810997]}",1487.0
692,FORGERY & COUNTERFEITING,2019-01-01 00:00:00,21-020137,OBT CREDIT/ETC:OTHER'S ID,30X,1500 77TH AV,Oakland,CA,"{'type': 'Point', 'coordinates': [-122.182484, 37.75918]}",1493.0
693,DOMESTIC VIOLENCE,2021-06-24 14:00:00,21-029402,VOL PROTECTIVE ORDER:MNR,21Y,2900 COOLIDGE AV,Oakland,CA,"{'type': 'Point', 'coordinates': [-122.215254, 37.791156]}",1188.0
694,VANDALISM,2021-05-03 05:00:00,21-906555,VANDALISM,22X,3900 OAKMORE RD,Oakland,CA,"{'type': 'Point', 'coordinates': [-122.214991, 37.807098]}",1480.0
695,MISDEMEANOR ASSAULT,2021-05-21 19:44:00,21-023336,BATTERY,26X,51ST AV & INTERNATIONAL BLVD,Oakland,CA,"{'type': 'Point', 'coordinates': [-122.207899, 37.768974]}",1188.0
696,BURG - RESIDENTIAL,2016-01-31 12:10:00,16-005683,BURGLARY-NO FORCE,17X,600 E. 17TH ST,Oakland,CA,"{'type': 'Point', 'coordinates': [-122.249959, 37.79673]}",1483.0
697,DOMESTIC VIOLENCE,2021-04-14 21:00:00,21-017105,GRAND THEFT,35X,2600 CHEROKEE AV,Oakland,CA,"{'type': 'Point', 'coordinates': [-122.15619, 37.75171]}",1482.0
698,PROSTITUTION,2016-05-05 18:24:00,16-024019,LOITER:INTENT:PROSTITUTION,20X,1400 DERBY AV,Oakland,CA,"{'type': 'Point', 'coordinates': [-122.227162, 37.778761]}",1188.0
699,VANDALISM,2016-04-10 23:30:00,16-019049,"VANDALISM [UNDER $1,000] (AMENDED)",14X,200 VERNON ST,Oakland,CA,"{'type': 'Point', 'coordinates': [-122.258949, 37.813509]}",1487.0
700,VANDALISM,2021-04-18 19:25:00,21-017670,VANDALISM,27Y,5800 AVENAL AV,Oakland,CA,"{'type': 'Point', 'coordinates': [-122.193248, 37.771115]}",1482.0
701,BURG - COMMERCIAL,2021-04-05 02:29:00,21-905917,BURGLARY-NO FORCE,04X,100 14TH ST,Oakland,CA,"{'type': 'Point', 'coordinates': [-122.26288, 37.801066]}",1489.0
702,MISDEMEANOR ASSAULT,2016-02-11 05:13:00,16-007694,VEHICLE THEFT - AUTO,32Y,2500 OLIVER AV,Oakland,CA,"{'type': 'Point', 'coordinates': [-122.154648, 37.74596]}",1482.0
703,STOLEN VEHICLE,2021-05-22 17:40:00,21-023442,VEHICLE THEFT - AUTO,07X,3700 MANDELA PKWY,Oakland,CA,"{'type': 'Point', 'coordinates': [-122.287224, 37.828243]}",1485.0
704,OTHER,2021-05-23 00:00:00,21-023577,VIOLATION CUSTODY DECREE,32X,1500 CHANDLER ST,Oakland,CA,"{'type': 'Point', 'coordinates': [-122.162275, 37.738566]}",1481.0
705,STOLEN VEHICLE,2016-04-22 12:30:00,16-021652,VEHICLE THEFT - AUTO,14X,300 BELMONT ST,Oakland,CA,"{'type': 'Point', 'coordinates': [-122.255689, 37.809881]}",1487.0
706,MISDEMEANOR ASSAULT,2021-04-12 15:44:00,21-016717,VIOLATE COURT ORDER TO PREVENT DOMESTIC VIOLENCE,06X,600 SYCAMORE ST,Oakland,CA,"{'type': 'Point', 'coordinates': [-122.270452, 37.815423]}",1489.0
708,FELONY ASSAULT,2021-04-28 19:45:00,21-019405,SC ADW - FIREARM,04X,17TH ST & LAKESIDE DR,Oakland,CA,"{'type': 'Point', 'coordinates': [-122.261185, 37.803698]}",1489.0
709,FELONY ASSAULT,2021-06-06 14:14:00,21-025951,ASSAULT WITH FIREARM ON PERSON,02Y,1600 8TH ST,Oakland,CA,"{'type': 'Point', 'coordinates': [-122.297404, 37.807016]}",1484.0
710,DISORDERLY CONDUCT,2016-01-01 23:00:00,16-000157,DISTURB THE PEACE,01X,5TH ST & BROADWAY,Oakland,CA,"{'type': 'Point', 'coordinates': [-122.275025, 37.798111]}",1484.0
711,BURG - RESIDENTIAL,2021-07-08 12:25:00,21-031588,BURGLARY-FORCIBLE ENTRY,30Y,7800 CREST AV,Oakland,CA,"{'type': 'Point', 'coordinates': [-122.162184, 37.769644]}",1482.0
712,OTHER SEX OFFENSES,2016-01-21 13:53:00,16-003729,MISD-SEX OFFENDER FAIL UPDATE ANNUAL REG,29X,62ND AV & MACARTHUR BLVD,Oakland,CA,"{'type': 'Point', 'coordinates': [-122.181389, 37.775009]}",1482.0
713,MISDEMEANOR ASSAULT,2016-04-27 09:15:00,16-022308,BATTERY,05X,900 14TH ST,Oakland,CA,"{'type': 'Point', 'coordinates': [-122.281315, 37.808518]}",1484.0
715,GRAND THEFT,2021-05-27 15:46:00,21-908053,GRAND THEFT,04X,1800 ALICE ST,Oakland,CA,"{'type': 'Point', 'coordinates': [-122.264454, 37.805619]}",1489.0
716,NARCOTICS,2016-03-08 22:09:00,16-012822,MANUFACTURE/ETC CONTROLLED SUBSTANCE,34X,8500 OLIVE ST,Oakland,CA,"{'type': 'Point', 'coordinates': [-122.170357, 37.756547]}",1493.0
717,GRAND THEFT,2021-03-21 00:00:00,21-019103,GRAND THEFT:MONEY/LABOR/PROPERTY  OVER $400,07X,2400 FILBERT ST,Oakland,CA,"{'type': 'Point', 'coordinates': [-122.280044, 37.816929]}",1484.0
718,VANDALISM,2016-02-12 22:30:00,16-008048,BATTERY,17Y,13TH AV & MACARTHUR BLVD,Oakland,CA,"{'type': 'Point', 'coordinates': [-122.231589, 37.802243]}",1480.0
719,PETTY THEFT,2021-06-24 09:35:00,21-029110,VIOLATION OF PROBATION-MISD,08X,3400 TELEGRAPH AV,Oakland,CA,"{'type': 'Point', 'coordinates': [-122.266173, 37.822749]}",1486.0
720,GRAND THEFT,2021-04-21 07:22:00,21-905957,MAIL/ETC THEFT/ETC,14X,300 WARWICK AV,Oakland,CA,"{'type': 'Point', 'coordinates': [-122.255506, 37.812554]}",1487.0
721,NARCOTICS,2016-04-05 07:45:00,16-017831,TRANSPORT/SELL NARCOTIC/CONTROLLED SUBSTANCE,06X,600 SYCAMORE ST,Oakland,CA,"{'type': 'Point', 'coordinates': [-122.270452, 37.815423]}",1489.0
722,PETTY THEFT,2016-02-27 10:20:00,16-010879,THEFT,23X,4200 INTERNATIONAL BLVD,Oakland,CA,"{'type': 'Point', 'coordinates': [-122.21552199999999, 37.772721]}",1188.0
723,STOLEN VEHICLE,2016-04-12 06:55:00,16-019245,VEHICLE THEFT - AUTO,30Y,8000 HILLSIDE ST,Oakland,CA,"{'type': 'Point', 'coordinates': [-122.168567, 37.762683]}",1482.0
724,OTHER,2021-05-26 10:56:00,21-024106,CONTEMPT OF COURT:VIOLATE PROTECTIVE ORDER/ETC,07X,2400 MYRTLE ST,Oakland,CA,"{'type': 'Point', 'coordinates': [-122.279049, 37.816517]}",1484.0
725,DOMESTIC VIOLENCE,2016-04-27 21:49:00,16-022468,BATTERY:SPOUSE/EX SPOUSE/DATE/ETC,35X,2700 ALVINGROOM CT,Oakland,CA,"{'type': 'Point', 'coordinates': [-122.161658, 37.76127]}",1482.0
726,BURG - RESIDENTIAL,2016-03-07 07:00:00,16-012867,BURGLARY-FORCIBLE ENTRY,27Y,6000 HOLWAY ST,Oakland,CA,"{'type': 'Point', 'coordinates': [-122.19505, 37.767208]}",1493.0
727,STOLEN VEHICLE,2021-06-15 03:18:00,21-027531,VEHICLE THEFT - AUTO,29X,FOOTHILL BLVD & SEMINARY AV,Oakland,CA,"{'type': 'Point', 'coordinates': [-122.190394, 37.77154]}",1482.0
728,PETTY THEFT,2016-04-08 16:42:00,16-018698,THEFT,27Y,2400 64TH AV,Oakland,CA,"{'type': 'Point', 'coordinates': [-122.188873, 37.767553]}",1482.0
729,OTHER,2021-04-09 16:00:00,21-016244,STALKING-FEL,26Y,800 71ST AV,Oakland,CA,"{'type': 'Point', 'coordinates': [-122.19791, 37.754147]}",1493.0
730,STOLEN VEHICLE,2021-05-03 16:56:00,21-020192,POSS STOLEN VEH/VES/ETC,23X,4000 ALAMEDA AV,Oakland,CA,"{'type': 'Point', 'coordinates': [-122.22405, 37.768208]}",1188.0
731,OTHER,2016-03-16 15:55:00,16-014178,VIOLATION OF PROBATION-FELONY,02X,1100 8TH ST,Oakland,CA,"{'type': 'Point', 'coordinates': [-122.287201, 37.804694]}",1484.0
732,VANDALISM,2021-05-17 09:50:00,21-907458,VANDALISM,15X,400 MERRITT AV,Oakland,CA,"{'type': 'Point', 'coordinates': [-122.249086, 37.80595]}",1483.0
733,NARCOTICS,2021-05-09 21:00:00,21-021251,POSSESS NARCOTIC CONTROLLED SUBSTANCE,33X,1300 86TH AV,Oakland,CA,"{'type': 'Point', 'coordinates': [-122.178054, 37.751864]}",1493.0
734,MISDEMEANOR ASSAULT,2021-06-30 14:40:00,21-030222,THREAT CRIME:INT:TERRORIZE,14Y,3700 GRAND AV,Oakland,CA,"{'type': 'Point', 'coordinates': [-122.245456, 37.816462]}",1487.0
735,FELONY ASSAULT,2016-01-28 12:04:00,16-005074,FORCE/ADW-OTHER DANGEROUS WEAPON:GBI,35Y,4400 SEQUOYAH RD,Oakland,CA,"{'type': 'Point', 'coordinates': [-122.137475, 37.764886]}",1482.0
736,MISDEMEANOR ASSAULT,2021-04-18 02:43:00,21-017571,BATTERY,11X,500 56TH ST,Oakland,CA,"{'type': 'Point', 'coordinates': [-122.26251, 37.841065]}",1486.0
737,FORGERY & COUNTERFEITING,2016-02-02 00:00:00,16-021227,OBT CREDIT/ETC:OTHER'S ID,26Y,800 70TH AV,Oakland,CA,"{'type': 'Point', 'coordinates': [-122.197711, 37.755079]}",1493.0
739,MISDEMEANOR ASSAULT,2016-04-05 16:00:00,16-018229,BATTERY,14X,200 GRAND AV,Oakland,CA,"{'type': 'Point', 'coordinates': [-122.26147, 37.810775]}",1487.0
740,MISDEMEANOR ASSAULT,2016-04-04 14:00:00,16-017708,BATTERY,25X,3600 MACARTHUR BLVD,Oakland,CA,"{'type': 'Point', 'coordinates': [-122.199858, 37.792904]}",1492.0
742,NARCOTICS,2016-04-14 14:35:00,16-019810,POSSESS MARIJUANA 28.5 GRAMS OR LESS OR W/PRIOR,27X,4300 INTERNATIONAL BLVD,Oakland,CA,"{'type': 'Point', 'coordinates': [-122.214811, 37.772377]}",1188.0
743,VANDALISM,2021-04-22 04:40:00,21-906001,VANDALISM,22X,2000 CLEMENS RD,Oakland,CA,"{'type': 'Point', 'coordinates': [-122.208641, 37.80966]}",1480.0
744,DOMESTIC VIOLENCE,2016-03-17 09:45:00,16-014456,CONTEMPT OF COURT:VIOLATE PROTECTIVE ORDER/ETC,26Y,6200 TEVIS ST,Oakland,CA,"{'type': 'Point', 'coordinates': [-122.201052, 37.761319]}",1493.0
745,PROSTITUTION,2021-04-20 03:10:00,21-017894,LOITER:INTENT:PROSTITUTION,19X,600 INTERNATIONAL BLVD,Oakland,CA,"{'type': 'Point', 'coordinates': [-122.252833, 37.794861]}",1483.0
746,DOMESTIC VIOLENCE,2016-01-25 22:15:00,16-004582,BATTERY:SPOUSE/EX SPOUSE/DATE/ETC,13X,200 CLIFTON ST,Oakland,CA,"{'type': 'Point', 'coordinates': [-122.249473, 37.836349]}",1491.0
747,FORGERY & COUNTERFEITING,2014-07-01 00:00:00,16-003120,OBT CREDIT/ETC:OTHER'S ID,31Z,10900 ACALANES DR,Oakland,CA,"{'type': 'Point', 'coordinates': [-122.174962, 37.730061]}",1481.0
748,ROBBERY,2016-04-08 18:02:00,16-018655,CARJACKING - STRONGARM,30X,6600 FLORA ST,Oakland,CA,"{'type': 'Point', 'coordinates': [-122.190517, 37.764619]}",1482.0
749,STOLEN VEHICLE,2016-04-14 17:00:00,16-020092,VEHICLE THEFT - AUTO,18Y,2300 19TH AV,Oakland,CA,"{'type': 'Point', 'coordinates': [-122.234749, 37.792984]}",1483.0
750,MISDEMEANOR ASSAULT,2021-05-09 23:00:00,21-021268,ASSAULT,34X,2100 92ND AV,Oakland,CA,"{'type': 'Point', 'coordinates': [-122.166142, 37.752239]}",1481.0
751,DUI,2021-04-26 01:29:00,21-018949,UNLICENSED DRIVER,19X,16TH AV & EMBARCADERO,Oakland,CA,"{'type': 'Point', 'coordinates': [-122.243257, 37.784088]}",1483.0
752,FELONY ASSAULT,2016-02-05 12:11:00,16-006730,BATTERY,26Y,69TH AV & SPENCER ST,Oakland,CA,"{'type': 'Point', 'coordinates': [-122.194665, 37.757879]}",1493.0
753,MISDEMEANOR ASSAULT,2016-01-24 01:45:00,16-004239,FORCE/ADW-OTHER DANGEROUS WEAPON:GBI,26X,45TH AV & INTERNATIONAL BLVD,Oakland,CA,"{'type': 'Point', 'coordinates': [-122.212882, 37.771503]}",1188.0
754,FORGERY & COUNTERFEITING,2021-05-25 15:20:00,21-908040,FORGERY,04X,600 WILLIAM ST,Oakland,CA,"{'type': 'Point', 'coordinates': [-122.27142, 37.809209]}",1489.0
755,ROBBERY,2021-07-09 18:00:00,21-031817,ROBBERY-KNIFE OR CUTTING INSTRUMENT,15X,200 E 18TH ST,Oakland,CA,"{'type': 'Point', 'coordinates': [-122.253307, 37.800222]}",1483.0
756,BURG - AUTO,2021-05-29 00:00:00,21-908240,BURGLARY-AUTO,13Z,5900 THORNHILL DR,Oakland,CA,"{'type': 'Point', 'coordinates': [-122.211483, 37.836543]}",1488.0
757,FELONY ASSAULT,2021-04-10 21:58:00,21-016454,ANYONE WHO WILLFULLY DISCHARGES A FIREARM IN A GROSSLY NEGLIGENT MANNER,33X,900 91ST AV,Oakland,CA,"{'type': 'Point', 'coordinates': [-122.182358, 37.745237]}",1481.0
758,THREATS,2021-06-06 08:00:00,21-026035,CRIMINAL THREATS  THREATED CRIME W/INTENT TO TERRORIZE,34X,9000 BIRCH ST,Oakland,CA,"{'type': 'Point', 'coordinates': [-122.168891, 37.752056]}",1481.0
759,MISDEMEANOR ASSAULT,2016-04-13 13:50:00,16-019587,MALICIOUSLY DESTROY OTHER'S PROPERTY,19X,1500 2ND AV,Oakland,CA,"{'type': 'Point', 'coordinates': [-122.255411, 37.798614]}",1483.0
760,VANDALISM,2016-02-23 02:30:00,16-009885,VANDALISM,35X,2300 AUSEON AV,Oakland,CA,"{'type': 'Point', 'coordinates': [-122.165795, 37.75717]}",1482.0
761,ROBBERY,2015-12-29 23:19:00,15-068686,ROBBERY-FIREARM,04X,1500 ALICE ST,Oakland,CA,"{'type': 'Point', 'coordinates': [-122.265637, 37.803714]}",1489.0
762,DISORDERLY CONDUCT,2016-01-12 10:00:00,16-002105,DISTURB THE PEACE,09X,100 RIDGEWAY AV,Oakland,CA,"{'type': 'Point', 'coordinates': [-122.250747, 37.827674]}",1488.0
763,THREATS,2015-12-25 22:00:00,15-068030,THREAT CRIME:INT:TERRORIZE,05X,1900 FILBERT ST,Oakland,CA,"{'type': 'Point', 'coordinates': [-122.281673, 37.812345]}",1484.0
764,GRAND THEFT,2021-04-18 15:00:00,21-905798,GRAND THEFT,22X,2500 CARMEL ST,Oakland,CA,"{'type': 'Point', 'coordinates': [-122.207759, 37.804006]}",1480.0
765,NARCOTICS,2016-02-27 23:39:00,16-010734,POSSESS MARIJUANA/HASHISH FOR SALE,06X,3000 SAN PABLO AV,Oakland,CA,"{'type': 'Point', 'coordinates': [-122.276633, 37.821193]}",1485.0
766,NARCOTICS,2016-05-02 13:55:00,16-023306,POSSESS CONTROLLED SUBSTANCE PARAPHERNALIA,07X,3100 FILBERT ST,Oakland,CA,"{'type': 'Point', 'coordinates': [-122.278218, 37.821927]}",1485.0
767,OTHER,2021-05-21 10:40:00,21-908011,MAIL/ETC THEFT/ETC,09X,4100 HOWE ST,Oakland,CA,"{'type': 'Point', 'coordinates': [-122.253243, 37.827022]}",1488.0
768,NARCOTICS,2016-05-04 12:36:00,16-023724,POSSESS CONTROLLED SUBSTANCE,24Y,3300 VIOLA ST,Oakland,CA,"{'type': 'Point', 'coordinates': [-122.202619, 37.789655]}",1492.0
769,MISDEMEANOR ASSAULT,2016-01-07 23:15:00,16-001273,DRAW/EXHIBIT FIREARM REPLICA (AMENDED),10X,1000 65TH ST,Oakland,CA,"{'type': 'Point', 'coordinates': [-122.282498, 37.848699]}",1494.0
770,THREATS,2021-05-17 01:30:00,21-022448,CRIMINAL THREATS  THREATED CRIME W/INTENT TO TERRORIZE,35X,9400 MACARTHUR BLVD,Oakland,CA,"{'type': 'Point', 'coordinates': [-122.160314, 37.752905]}",1481.0
771,POSSESSION - STOLEN PROPERTY,2016-01-06 00:23:00,16-000857,POSSESS/ETC BURGLARY TOOLS,26X,1300 45TH AV,Oakland,CA,"{'type': 'Point', 'coordinates': [-122.213296, 37.771153]}",1188.0
772,VANDALISM,2021-06-10 18:31:00,21-026749,VANDALISM,26Y,54TH AV & SAN LEANDRO ST,Oakland,CA,"{'type': 'Point', 'coordinates': [-122.209613, 37.76431]}",1493.0
773,DOMESTIC VIOLENCE,2016-01-09 23:30:00,16-001638,BATTERY:SPOUSE/EX SPOUSE/DATE/ETC,27Y,2600 66TH AV,Oakland,CA,"{'type': 'Point', 'coordinates': [-122.184839, 37.768358]}",1482.0
774,STOLEN VEHICLE,2021-06-14 07:00:00,21-027484,VEHICLE THEFT - AUTO,03Y,12TH ST & CASTRO ST,Oakland,CA,"{'type': 'Point', 'coordinates': [-122.27803, 37.805286]}",1484.0
775,BURG - RESIDENTIAL,2016-04-04 10:00:00,16-019318,BURGLARY-FORCIBLE ENTRY,21Y,3000 BONA ST,Oakland,CA,"{'type': 'Point', 'coordinates': [-122.217746, 37.791996]}",1188.0
776,PETTY THEFT,2021-05-13 10:40:00,21-021821,THEFT,23X,4000 ALAMEDA AV,Oakland,CA,"{'type': 'Point', 'coordinates': [-122.22405, 37.768208]}",1188.0
777,BURG - COMMERCIAL,2016-03-26 01:40:00,16-015934,BURGLARY-NO FORCE,31X,300 HEGENBERGER RD,Oakland,CA,"{'type': 'Point', 'coordinates': [-122.197602, 37.734635]}",1481.0
778,DOMESTIC VIOLENCE,2016-04-20 15:09:00,16-021023,CONTEMPT OF COURT:DISOBEY COURT ORDER/ETC,02X,1300 12TH ST,Oakland,CA,"{'type': 'Point', 'coordinates': [-122.247763, 37.788962]}",1483.0
779,NARCOTICS,2016-01-29 23:46:00,16-005448,POSSESS CONTROLLED SUBSTANCE PARAPHERNALIA,30X,1700 69TH AV,Oakland,CA,"{'type': 'Point', 'coordinates': [-122.186819, 37.762904]}",1493.0
780,RECOVERED O/S STOLEN,2021-05-08 15:00:00,21-021044,VEHICLE THEFT - AUTO,32Y,2400 99TH AV,Oakland,CA,"{'type': 'Point', 'coordinates': [-122.157196, 37.747372]}",1482.0
781,DOMESTIC VIOLENCE,2016-04-29 14:20:00,16-022784,BATTERY:SPOUSE/EX SPOUSE/DATE/ETC,26Y,900 75TH AV,Oakland,CA,"{'type': 'Point', 'coordinates': [-122.193109, 37.753642]}",1493.0
782,STOLEN VEHICLE,2016-04-13 21:30:00,16-019715,VEHICLE THEFT - AUTO,11X,5900 SHATTUCK AV,Oakland,CA,"{'type': 'Point', 'coordinates': [-122.265114, 37.844853]}",1486.0
783,STOLEN VEHICLE,2021-04-16 02:00:00,21-017335,VEHICLE THEFT - AUTO,24Y,3300 HIGH ST,Oakland,CA,"{'type': 'Point', 'coordinates': [-122.197781, 37.785795]}",1492.0
784,BURG - RESIDENTIAL,2016-01-04 20:00:00,16-000855,BURGLARY-NO FORCE,03X,100 13TH ST,Oakland,CA,"{'type': 'Point', 'coordinates': [-122.264144, 37.800707]}",1489.0
785,DOMESTIC VIOLENCE,2021-05-21 19:53:00,21-023314,BATTERY:SPOUSE/EX SPOUSE/DATE/ETC,33X,900 88TH AV,Oakland,CA,"{'type': 'Point', 'coordinates': [-122.183916, 37.747173]}",1481.0
786,STOLEN VEHICLE,2016-04-27 17:46:00,16-022442,POSS STOLEN VEH/VES/ETC,24Y,3900 ALLENDALE AV,Oakland,CA,"{'type': 'Point', 'coordinates': [-122.205098, 37.78565]}",1492.0
787,BURG - AUTO,2021-06-10 11:30:00,21-908940,BURGLARY-AUTO,01X,300 4TH ST,Oakland,CA,"{'type': 'Point', 'coordinates': [-122.272086, 37.796099]}",1484.0
788,BURG - AUTO,2021-04-15 03:59:00,21-017125,BURGLARY-AUTO,27Y,2400 65TH AV,Oakland,CA,"{'type': 'Point', 'coordinates': [-122.188369, 37.767031]}",1482.0
791,RECOVERED O/S STOLEN,2021-06-24 12:00:00,21-029201,VEHICLE THEFT - AUTO,10Y,4200 WEST ST,Oakland,CA,"{'type': 'Point', 'coordinates': [-122.270531, 37.832035]}",1486.0
792,POSSESSION - STOLEN PROPERTY,2016-03-18 10:00:00,16-014515,RECEIVE/ETC KNOWN STOLEN PROPERTY,35X,9600 BANCROFT AV,Oakland,CA,"{'type': 'Point', 'coordinates': [-122.162626, 37.749726]}",1481.0
793,BURG - COMMERCIAL,2021-04-19 08:00:00,21-017739,RECEIVING/CONCEALING STOLEN PROPERTY NOT MORE THAN $950,04X,600 14TH ST,Oakland,CA,"{'type': 'Point', 'coordinates': [-122.274977, 37.805825]}",1489.0
794,CURFEW & LOITERING,2016-04-14 20:25:00,16-019865,TRESPASS:OCCUPY PROPERTY W/O CONSENT,22Y,300 RISHELL DR,Oakland,CA,"{'type': 'Point', 'coordinates': [-122.173809, 37.799274]}",1492.0
795,RECOVERED O/S STOLEN,2016-01-11 09:50:00,16-001844,VEHICLE THEFT - AUTO,17X,1300 E 19TH ST,Oakland,CA,"{'type': 'Point', 'coordinates': [-122.242587, 37.793155]}",1483.0
796,STOLEN VEHICLE,2015-09-29 10:00:00,16-010425,SC STOLEN VEHICLE - AUTO,18X,2000 19TH AV,Oakland,CA,"{'type': 'Point', 'coordinates': [-122.236733, 37.790976]}",1483.0
797,VANDALISM,2021-04-09 08:40:00,21-905337,VANDALISM,31Y,600 85TH AV,Oakland,CA,"{'type': 'Point', 'coordinates': [-122.191109, 37.744624]}",1481.0
798,BURG - RESIDENTIAL,2016-05-03 09:15:00,16-023664,BURGLARY-FORCIBLE ENTRY,16Y,1300 BARROWS RD,Oakland,CA,"{'type': 'Point', 'coordinates': [-122.228279, 37.807872]}",1487.0
799,ARSON,2016-01-03 02:35:00,16-000329,MAL SET/ETC FIRE PROP/ETC - MOTOR VEHICLES,33X,900 90TH AV,Oakland,CA,"{'type': 'Point', 'coordinates': [-122.18278, 37.745788]}",1481.0
800,OTHER SEX OFFENSES,2021-04-21 18:07:00,21-018221,SEX PENETRATION:FOREIGN OBJ:VICTIM UNAWARE OF NATURE OF ACT,24Y,3100 HIGH ST,Oakland,CA,"{'type': 'Point', 'coordinates': [-122.199955, 37.784691]}",1492.0
801,DOMESTIC VIOLENCE,2021-06-03 02:00:00,21-025341,BATTERY:SPOUSE/EX SPOUSE/DATE/ETC,13Z,6400 ASCOT DR,Oakland,CA,"{'type': 'Point', 'coordinates': [-122.192012, 37.822898]}",1488.0
802,MISDEMEANOR ASSAULT,2016-03-09 17:20:00,16-012987,FORCE/ADW-OTHER DANGEROUS WEAPON:GBI,34X,8900 INTERNATIONAL BLVD,Oakland,CA,"{'type': 'Point', 'coordinates': [-122.174851, 37.750357]}",1493.0
803,RECOVERED O/S STOLEN,2021-05-22 09:30:00,21-023381,VEHICLE THEFT - AUTO,26X,4600 E 12TH ST,Oakland,CA,"{'type': 'Point', 'coordinates': [-122.213157, 37.769734]}",1188.0
805,ROBBERY,2016-02-25 17:28:00,16-010453,ASSAULT WITH FIREARM ON PERSON,15X,600 MACARTHUR BLVD,Oakland,CA,"{'type': 'Point', 'coordinates': [-122.25279, 37.817176]}",1487.0
806,PETTY THEFT,2021-06-12 11:40:00,21-909453,MAIL/ETC THEFT/ETC,99X,2600 WELSH ST,Oakland,CA,"{'type': 'Point', 'coordinates': [-122.27432, 37.816966]}",1489.0
807,DISORDERLY CONDUCT,2016-01-20 15:08:00,16-003543,DISTURB THE PEACE,21Y,3100 CUTHBERT AV,Oakland,CA,"{'type': 'Point', 'coordinates': [-122.215213, 37.793185]}",1480.0
808,FORCIBLE RAPE,2016-02-26 08:00:00,16-010899,RAPE BY FORCE/FEAR/ETC,06X,600 W MACARTHUR BLVD,Oakland,CA,"{'type': 'Point', 'coordinates': [-122.268261, 37.827115]}",1486.0
809,DISORDERLY CONDUCT,2021-05-05 02:00:00,21-021022,DISTURB THE PEACE,03Y,400 7TH ST,Oakland,CA,"{'type': 'Point', 'coordinates': [-122.272977, 37.799026]}",1484.0
811,BURG - AUTO,2016-03-26 20:00:00,16-016024,BURGLARY-AUTO,04X,1900 WEBSTER ST,Oakland,CA,"{'type': 'Point', 'coordinates': [-122.266505, 37.807042]}",1489.0
812,MISDEMEANOR ASSAULT,2021-04-16 18:30:00,21-017417,EXHIBIT DEADLY WEAPON OTHER THAN FIREARM,06X,800 28TH ST,Oakland,CA,"{'type': 'Point', 'coordinates': [-122.274577, 37.818326]}",1485.0
813,MISDEMEANOR ASSAULT,2021-06-27 16:00:00,21-029817,BATTERY,14X,300 MACARTHUR BLVD,Oakland,CA,"{'type': 'Point', 'coordinates': [-122.25297, 37.817514]}",1487.0
814,PETTY THEFT,2021-02-24 14:00:00,21-026344,THEFT,08X,2400 TELEGRAPH AV,Oakland,CA,"{'type': 'Point', 'coordinates': [-122.268493, 37.813813]}",1489.0
815,PROSTITUTION,2016-04-13 18:58:00,16-019641,LOITER:INTENT:PROSTITUTION,18X,1900 E 19TH ST,Oakland,CA,"{'type': 'Point', 'coordinates': [-122.237888, 37.789834]}",1483.0
816,MISDEMEANOR ASSAULT,2016-02-05 12:00:00,16-006754,BATTERY,35X,3500 CALANDRIA AV,Oakland,CA,"{'type': 'Point', 'coordinates': [-122.151737, 37.758558]}",1482.0
817,GRAND THEFT,2021-06-26 15:30:00,21-910024,THEFT,12X,4900 TELEGRAPH AV,Oakland,CA,"{'type': 'Point', 'coordinates': [-122.262569, 37.836153]}",1486.0
818,ROBBERY,2021-06-30 14:10:00,21-030198,FEL-ILL USE OF TEAR GAS/TEAR GAS WEAPON,12X,4700 SHATTUCK AV,Oakland,CA,"{'type': 'Point', 'coordinates': [-122.263722, 37.834446]}",1486.0
819,FELONY ASSAULT,2016-04-27 05:03:00,16-022463,WILLFUL DISCHARGE FIREARM IN NEGLIGENT MANNER,04X,1500 MADISON ST,Oakland,CA,"{'type': 'Point', 'coordinates': [-122.26349, 37.80243]}",1489.0
820,VANDALISM,2021-05-20 13:25:00,21-023077,BATTERY,27Y,2400 SEMINARY AV,Oakland,CA,"{'type': 'Point', 'coordinates': [-122.192671, 37.769943]}",1482.0
821,STOLEN VEHICLE,2021-05-25 22:30:00,21-024534,VEHICLE THEFT - AUTO,31Y,9800 BIGGE AV,Oakland,CA,"{'type': 'Point', 'coordinates': [-122.19211, 37.728596]}",1481.0
822,ROBBERY,2021-04-08 21:00:00,21-016080,"ROBBERY - STRONG ARM (HANDS, FISTS, FEET, ETC.)",20X,3000 E 19TH ST,Oakland,CA,"{'type': 'Point', 'coordinates': [-122.224219, 37.783149]}",1188.0
823,NARCOTICS,2016-03-08 17:25:00,16-012780,POSSESS MARIJUANA/HASHISH FOR SALE,07X,3000 BLK UNION ST,Oakland,CA,"{'type': 'Point', 'coordinates': [-122.283731, 37.822731]}",1485.0
824,VANDALISM,2016-05-04 01:06:00,16-023630,VANDALISM,35X,2700 ALVINGROOM CT,Oakland,CA,"{'type': 'Point', 'coordinates': [-122.161658, 37.76127]}",1482.0
825,MISDEMEANOR ASSAULT,2016-01-27 14:15:00,16-004930,BATTERY,05Y,1500 MARITIME ST,Oakland,CA,"{'type': 'Point', 'coordinates': [-122.303556, 37.819752]}",1484.0
827,BURG - AUTO,2016-01-02 00:00:00,16-006484,BURGLARY-AUTO,31Z,400 DOUGLAS AV,Oakland,CA,"{'type': 'Point', 'coordinates': [-122.182305, 37.730189]}",1481.0
828,STOLEN VEHICLE,2016-04-22 09:30:00,16-021456,VEHICLE THEFT - AUTO,28X,3300 WYMAN ST,Oakland,CA,"{'type': 'Point', 'coordinates': [-122.188008, 37.779856]}",1492.0
829,GRAND THEFT,2021-05-23 14:55:00,21-907814,GRAND THEFT,08X,2900 BROADWAY,Oakland,CA,"{'type': 'Point', 'coordinates': [-122.26293, 37.817422]}",1488.0
830,MISDEMEANOR ASSAULT,2016-05-07 02:30:00,16-024281,BATTERY,04X,300 19TH ST,Oakland,CA,"{'type': 'Point', 'coordinates': [-122.26546, 37.806345]}",1489.0
831,BURG - RESIDENTIAL,2026-04-20 18:00:00,16-022269,ATTEMPTED BURGLARY,35X,9100 GOLF LINKS RD,Oakland,CA,"{'type': 'Point', 'coordinates': [-122.154736, 37.75722]}",1482.0
832,DOMESTIC VIOLENCE,2021-05-03 19:00:00,21-020209,INFLICT CORPORAL INJURY ON SPOUSE/COHABITANT,19X,1100 EMBARCADERO,Oakland,CA,"{'type': 'Point', 'coordinates': [-122.252799, 37.788562]}",1483.0
833,MISDEMEANOR ASSAULT,2016-01-19 15:00:00,16-003288,BATTERY,07X,1000 26TH ST,Oakland,CA,"{'type': 'Point', 'coordinates': [-122.279542, 37.817974]}",1484.0
834,WEAPONS,2016-03-07 22:40:00,16-012430,CARRY CONCEALED WEAPON IN VEHICLE,11X,6400 TELEGRAPH AV,Oakland,CA,"{'type': 'Point', 'coordinates': [-122.260488, 37.850381]}",1486.0
835,STOLEN VEHICLE,2016-04-05 20:00:00,16-018030,VEHICLE THEFT - AUTO,08X,400 38TH ST,Oakland,CA,"{'type': 'Point', 'coordinates': [-122.260286, 37.826509]}",1486.0
836,ROBBERY,2016-01-10 11:41:00,16-001699,ROBBERY-FIREARM,03X,500 WEBSTER ST,Oakland,CA,"{'type': 'Point', 'coordinates': [-122.272797, 37.796974]}",1484.0
837,FELONY ASSAULT,2016-01-17 17:03:00,16-003030,ASSAULT WITH FIREARM ON PERSON,23X,3800 INTERNATIONAL BLVD,Oakland,CA,"{'type': 'Point', 'coordinates': [-122.219756, 37.774686]}",1188.0
838,STOLEN VEHICLE,2016-04-10 17:00:00,16-019624,VEHICLE THEFT - AUTO,27Y,1400 52ND AV,Oakland,CA,"{'type': 'Point', 'coordinates': [-122.206973, 37.768677]}",1188.0
839,THREATS,2021-05-18 03:00:00,21-022682,CRIMINAL THREATS  THREATED CRIME W/INTENT TO TERRORIZE,32Y,9800 BANCROFT AV,Oakland,CA,"{'type': 'Point', 'coordinates': [-122.161331, 37.747973]}",1481.0
840,VANDALISM,2021-06-23 23:00:00,21-909941,VANDALISM,32X,1300 99TH AV,Oakland,CA,"{'type': 'Point', 'coordinates': [-122.171164, 37.74304]}",1481.0
841,GRAND THEFT,2021-05-30 08:00:00,21-024768,GRAND THEFT,02X,1100 ADELINE ST,Oakland,CA,"{'type': 'Point', 'coordinates': [-122.286907, 37.807403]}",1484.0
842,BURG - RESIDENTIAL,2016-01-21 12:28:00,16-003709,BURGLARY-FORCIBLE ENTRY,10X,1000 ARLINGTON AV,Oakland,CA,"{'type': 'Point', 'coordinates': [-122.278576, 37.841767]}",1485.0
843,STOLEN VEHICLE,2021-06-24 23:00:00,21-029333,VEHICLE THEFT - AUTO,31Y,9800 BIGGE AV,Oakland,CA,"{'type': 'Point', 'coordinates': [-122.19211, 37.728596]}",1481.0
844,VANDALISM,2021-06-21 14:31:00,21-028599,VANDALISM-$400,27Y,5700 ELIZABETH ST,Oakland,CA,"{'type': 'Point', 'coordinates': [-122.195223, 37.770207]}",1493.0
845,VANDALISM,2021-06-17 10:15:00,21-909552,VANDALISM,20X,2800 GLASCOCK ST,Oakland,CA,"{'type': 'Point', 'coordinates': [-122.235368, 37.772782]}",1188.0
846,BURG - OTHER,2021-05-25 12:06:00,21-023911,BURGLARY-FORCIBLE ENTRY,04X,500 16TH ST,Oakland,CA,"{'type': 'Point', 'coordinates': [-122.270459, 37.806119]}",1489.0
847,PETTY THEFT,2016-01-07 11:00:00,16-002239,THEFT PERSONAL PROPERTY/PETTY THEFT,27X,5200 FOOTHILL BLVD,Oakland,CA,"{'type': 'Point', 'coordinates': [-122.202965, 37.772636]}",1188.0
848,ROBBERY,2016-02-13 19:00:00,16-008909,ATTEMPTED ROBBERY-FIREARM,26Y,1200 71ST AV,Oakland,CA,"{'type': 'Point', 'coordinates': [-122.189853, 37.759216]}",1493.0
849,DOMESTIC VIOLENCE,2021-06-04 12:19:00,21-025598,INFLICT CORPORAL INJURY ON SPOUSE/COHABITANT,06X,3200 SAN PABLO AV,Oakland,CA,"{'type': 'Point', 'coordinates': [-122.277063, 37.822525]}",1485.0
850,MISDEMEANOR ASSAULT,2016-05-02 18:36:00,16-023356,BATTERY,10X,63RD ST & MARKET ST,Oakland,CA,"{'type': 'Point', 'coordinates': [-122.27735, 37.847044]}",1485.0
851,RECOVERED O/S STOLEN,2016-01-22 15:40:00,16-003989,VEHICLE THEFT - AUTO,27Y,64TH AV & E 17TH ST,Oakland,CA,"{'type': 'Point', 'coordinates': [-122.194432, 37.763937]}",1493.0
852,PROSTITUTION,2016-01-25 00:31:00,16-004393,LOITER:INTENT:PROSTITUTION,23X,1400 FRUITVALE AV,Oakland,CA,"{'type': 'Point', 'coordinates': [-122.225774, 37.777747]}",1188.0
853,HOMICIDE,2016-01-02 13:54:00,16-000247,SC UNEXPLAINED DEATH,30Y,2600 79TH AV,Oakland,CA,"{'type': 'Point', 'coordinates': [-122.171667, 37.763096]}",1482.0
854,FELONY ASSAULT,2021-04-26 21:02:00,21-019081,ASSAULT WITH FIREARM ON PERSON,02X,10TH ST & CHESTNUT ST,Oakland,CA,"{'type': 'Point', 'coordinates': [-122.286105, 37.806388]}",1484.0
855,STOLEN AND RECOVERED VEHICLE,2021-04-09 14:30:00,21-905443,ATTEMPT VEHICLE THEFT-AUTO,23X,3700 ALAMEDA AV,Oakland,CA,"{'type': 'Point', 'coordinates': [-122.226942, 37.76823]}",1188.0
856,OTHER,2016-01-08 14:07:00,16-001392,VIOLATION OF PROBATION-FELONY,30Y,77TH AV & BANCROFT AV,Oakland,CA,"{'type': 'Point', 'coordinates': [-122.17437, 37.764013]}",1482.0
857,BURG - AUTO,2015-12-25 15:50:00,15-917041,BURGLARY-AUTO,20X,500 LANCASTER ST,Oakland,CA,"{'type': 'Point', 'coordinates': [-122.230034, 37.771717]}",1188.0
858,STOLEN VEHICLE,2021-05-08 16:00:00,21-021120,VEHICLE THEFT - AUTO,18Y,2100 19TH AV,Oakland,CA,"{'type': 'Point', 'coordinates': [-122.236229, 37.791464]}",1483.0
859,PETTY THEFT,2021-05-27 00:10:00,21-024214,THEFT,13Y,600 CALDWELL RD,Oakland,CA,"{'type': 'Point', 'coordinates': [-122.225294, 37.844021]}",1488.0
860,STOLEN VEHICLE,2016-04-21 20:00:00,16-021357,VEHICLE THEFT - AUTO,03Y,600 9TH ST,Oakland,CA,"{'type': 'Point', 'coordinates': [-122.276933, 37.802287]}",1484.0
861,DISORDERLY CONDUCT,2021-04-12 12:45:00,21-016696,OFFENSIVE WORDS IN PUBLIC PLACE,12X,4600 TELEGRAPH AV,Oakland,CA,"{'type': 'Point', 'coordinates': [-122.263124, 37.834076]}",1486.0
862,CURFEW & LOITERING,2021-05-21 12:45:00,21-023260,ENTER/ETC NONCOMMERCIAL DWELLING,12Y,6000 CLAREMONT AV,Oakland,CA,"{'type': 'Point', 'coordinates': [-122.253686, 37.847681]}",1491.0
865,STOLEN VEHICLE,2016-02-14 22:00:00,16-008396,VEHICLE THEFT - AUTO,22X,2500 MACARTHUR BLVD,Oakland,CA,"{'type': 'Point', 'coordinates': [-122.212516, 37.799431]}",1480.0
866,DUI,2021-07-03 23:32:00,21-030813,DUI ALCOHOL/DRUGS,18X,2100 E 19TH ST,Oakland,CA,"{'type': 'Point', 'coordinates': [-122.235597, 37.788417]}",1483.0
867,FELONY ASSAULT,2016-04-09 13:09:00,16-018776,BATTERY:SPOUSE/EX SPOUSE/DATE/ETC,02X,900 POPLAR CT,Oakland,CA,"{'type': 'Point', 'coordinates': [-122.290987, 37.806537]}",1484.0
868,MISDEMEANOR ASSAULT,2021-06-06 08:49:00,21-025910,BATTERY,04X,600 14TH ST,Oakland,CA,"{'type': 'Point', 'coordinates': [-122.274977, 37.805825]}",1489.0
869,THREATS,2016-02-23 20:32:00,16-010056,ATTEMPT THEFT,34X,1900 90TH AV,Oakland,CA,"{'type': 'Point', 'coordinates': [-122.168929, 37.752108]}",1481.0
870,PETTY THEFT,2016-04-03 13:10:00,16-017572,THEFT,04X,2200 TELEGRAPH AV,Oakland,CA,"{'type': 'Point', 'coordinates': [-122.269056, 37.811582]}",1489.0
871,GRAND THEFT,2021-04-04 18:19:00,21-905047,GRAND THEFT,08X,3000 BROADWAY,Oakland,CA,"{'type': 'Point', 'coordinates': [-122.262056, 37.818822]}",1488.0
872,BURG - AUTO,2021-06-14 17:00:00,21-909232,BURGLARY-AUTO,04X,2000 BROADWAY,Oakland,CA,"{'type': 'Point', 'coordinates': [-122.267903, 37.80946]}",1489.0
873,MISDEMEANOR ASSAULT,2016-01-28 14:10:00,16-005099,BATTERY,7X,1300 FITZGERALD ST (REAR UNI,Oakland,CA,"{'type': 'Point', 'coordinates': [-122.281951, 37.826385]}",1485.0
874,DOMESTIC VIOLENCE,2016-04-13 01:07:00,16-019462,VIOLATE COURT ORDER TO PREVENT DOMESTIC VIOLENCE,07X,26TH ST & KIRKHAM ST,Oakland,CA,"{'type': 'Point', 'coordinates': [-122.286891, 37.819662]}",1484.0
875,WEAPONS,2016-01-09 02:20:00,16-001501,CARRY CONCEALED WEAPON- UNLAWFUL POSSESS,07X,1100 28TH ST,Oakland,CA,"{'type': 'Point', 'coordinates': [-122.281352, 37.820072]}",1485.0
876,VANDALISM,2021-04-27 06:00:00,21-906315,VANDALISM,30Y,8000 CREST AV,Oakland,CA,"{'type': 'Point', 'coordinates': [-122.158784, 37.767377]}",1482.0
877,DOMESTIC VIOLENCE,2016-02-08 08:00:00,16-007181,VIOLATE COURT ORDER TO PREVENT DOMESTIC VIOLENCE,30X,1400 79TH AV,Oakland,CA,"{'type': 'Point', 'coordinates': [-122.182423, 37.757034]}",1493.0
878,ROBBERY,2016-01-29 13:20:00,16-005342,ATTEMPTED ROBBERY-FIREARM,12Y,5800 TELEGRAPH AV,Oakland,CA,"{'type': 'Point', 'coordinates': [-122.261329, 37.844285]}",1486.0
879,STOLEN VEHICLE,2021-04-06 07:30:00,21-015679,VEHICLE THEFT - AUTO,28X,3000 COURTLAND AV,Oakland,CA,"{'type': 'Point', 'coordinates': [-122.199571, 37.783206]}",1492.0
880,BURG - RESIDENTIAL,2016-02-29 06:30:00,16-011263,BURGLARY-NO FORCE,14Y,800 YORK ST,Oakland,CA,"{'type': 'Point', 'coordinates': [-122.243718, 37.81281]}",1487.0
881,NARCOTICS,2016-04-20 14:00:00,16-020978,TRANSPORT/SELL NARCOTIC/CONTROLLED SUBSTANCE,03Y,400 7TH ST.,Oakland,CA,"{'type': 'Point', 'coordinates': [-122.272977, 37.799026]}",1484.0
882,STOLEN VEHICLE,2021-05-18 02:58:00,21-022636,ATTEMPT VEHICLE THEFT-AUTO,20X,2800 INTERNATIONAL BLVD,Oakland,CA,"{'type': 'Point', 'coordinates': [-122.22996, 37.779876]}",1188.0
883,GRAND THEFT,2021-06-18 10:15:00,21-909521,GRAND THEFT,09X,3600 BROADWAY,Oakland,CA,"{'type': 'Point', 'coordinates': [-122.259244, 37.823327]}",1488.0
884,VANDALISM,2021-06-22 19:45:00,21-909844,VANDALISM,26Y,7200 SAN LEANDRO ST,Oakland,CA,"{'type': 'Point', 'coordinates': [-122.197109, 37.753613]}",1493.0
885,PETTY THEFT,2016-04-05 17:57:00,16-017974,THEFT,03Y,400 7TH ST,Oakland,CA,"{'type': 'Point', 'coordinates': [-122.272977, 37.799026]}",1484.0
886,MISDEMEANOR ASSAULT,2021-04-27 19:00:00,21-019274,THREAT CRIME:INT:TERRORIZE,25X,4400 TULIP AV,Oakland,CA,"{'type': 'Point', 'coordinates': [-122.191362, 37.78826]}",1492.0
887,DOMESTIC VIOLENCE,2021-04-16 14:00:00,21-017366,CRIMINAL THREATS  THREATED CRIME W/INTENT TO TERRORIZE,02X,14TH ST & FILBERT ST,Oakland,CA,"{'type': 'Point', 'coordinates': [-122.282872, 37.808911]}",1484.0
888,THREATS,2021-06-22 09:00:00,21-030627,THREAT CRIME:INT:TERRORIZE,18Y,2500 HIGHLAND AV,Oakland,CA,"{'type': 'Point', 'coordinates': [-122.230135, 37.793151]}",1483.0
889,OTHER SEX OFFENSES,2021-05-16 00:30:00,21-022351,UNCONSCIOUS OR ASLEEP,04X,300 15TH ST,Oakland,CA,"{'type': 'Point', 'coordinates': [-122.267163, 37.803956]}",1489.0
890,MISDEMEANOR ASSAULT,2016-02-02 00:06:00,16-005966,VANDALISM,33X,9200 C ST,Oakland,CA,"{'type': 'Point', 'coordinates': [-122.177523, 37.746021]}",1481.0
891,TOWED VEHICLE,2017-09-23 23:16:00,17-050071,BUY/SELL/POSSESS VEHICLE WITH ALTERED NUMBER,31X,600 HEGENBERGER RD,Oakland,CA,"{'type': 'Point', 'coordinates': [-122.195947, 37.744964]}",1493.0
892,BURG - COMMERCIAL,2016-05-06 21:30:00,16-024245,CONTEMPT OF COURT:DISOBEY COURT ORDER/ETC,08X,2800 BROADWAY,Oakland,CA,"{'type': 'Point', 'coordinates': [-122.263462, 37.816574]}",1488.0
893,STOLEN VEHICLE,2021-06-13 06:00:00,21-027298,VEHICLE THEFT - AUTO,25X,3800 39TH AV,Oakland,CA,"{'type': 'Point', 'coordinates': [-122.19441, 37.791818]}",1492.0
894,DOMESTIC VIOLENCE,2021-06-01 13:12:00,21-025088,VIOL COURT ORDER TO PREVENT DOMESTIC VIOL W/PHYSICAL INJ,21Y,2900 E 29TH ST,Oakland,CA,"{'type': 'Point', 'coordinates': [-122.219152, 37.791813]}",1188.0
895,FELONY ASSAULT,2016-02-16 14:30:00,16-008688,SHOOT AT INHABITED DWELLING/VEHICLE/ETC,19X,1400 2ND AV,Oakland,CA,"{'type': 'Point', 'coordinates': [-122.255975, 37.798201]}",1483.0
896,WEAPONS,2021-07-03 02:04:00,21-030642,FELON/ADDICT/POSSESS/OWN/ETC FIREARM,20X,1200 FRUITVALE AV,Oakland,CA,"{'type': 'Point', 'coordinates': [-122.226428, 37.776456]}",1188.0
897,VANDALISM,2021-05-28 10:30:00,21-024502,VANDALISM,27Y,5200 BANCROFT AV,Oakland,CA,"{'type': 'Point', 'coordinates': [-122.203387, 37.771774]}",1188.0
898,WEAPONS,2016-01-09 02:20:00,16-001501,CARRY LOADED FIREARM WHILE /PROHIBATED: SPEC PRIOR,07X,1100 28TH ST,Oakland,CA,"{'type': 'Point', 'coordinates': [-122.281352, 37.820072]}",1485.0
899,PROSTITUTION,2016-02-25 19:48:00,16-010481,DISORDERLY CONDUCT:PROSTITUTION,20X,1700 28TH AV,Oakland,CA,"{'type': 'Point', 'coordinates': [-122.226941, 37.782921]}",1188.0
900,BURG - AUTO,2021-04-26 21:00:00,21-906317,BURGLARY-AUTO,08X,400 37TH ST,Oakland,CA,"{'type': 'Point', 'coordinates': [-122.261809, 37.824534]}",1486.0
901,MISDEMEANOR ASSAULT,2021-04-24 23:03:00,21-018796,WILLFUL DISCHARGE FIREARM IN NEGLIGENT MANNER,22Y,3400 JOAQUIN MILLER RD,Oakland,CA,"{'type': 'Point', 'coordinates': [-122.188567, 37.809781]}",1480.0
903,MISDEMEANOR ASSAULT,2021-06-16 12:31:00,21-027754,BATTERY,26X,5100 INTERNATIONAL BLVD,Oakland,CA,"{'type': 'Point', 'coordinates': [-122.20784, 37.769104]}",1188.0
904,ROBBERY,2021-04-20 00:11:00,21-017877,ASSAULT WITH FIREARM ON PERSON,27Y,5400 FAIRFAX AV,Oakland,CA,"{'type': 'Point', 'coordinates': [-122.200797, 37.771001]}",1188.0
905,FELONY ASSAULT,2021-04-12 00:19:00,21-016939,WILLFUL DISCHARGE FIREARM IN NEGLIGENT MANNER,21Y,3000 MAPLE AV,Oakland,CA,"{'type': 'Point', 'coordinates': [-122.210907, 37.791225]}",1480.0
907,BURG - RESIDENTIAL,2021-06-23 10:34:00,21-909904,BURGLARY-FORCIBLE ENTRY,06X,3700 WEST ST,Oakland,CA,"{'type': 'Point', 'coordinates': [-122.271857, 37.826793]}",1485.0
908,RECOVERED O/S STOLEN,2016-04-25 10:50:00,16-021889,VEHICLE THEFT - AUTO,35X,94TH AV & LAWLOR ST,Oakland,CA,"{'type': 'Point', 'coordinates': [-122.158364, 37.75363]}",1482.0
909,VANDALISM,2021-05-10 14:00:00,21-907682,VANDALISM,04X,19TH ST & FRANKLIN ST,Oakland,CA,"{'type': 'Point', 'coordinates': [-122.267798, 37.807302]}",1489.0
910,VANDALISM,2021-04-13 18:06:00,21-016913,VANDALISM-$400,17X,1600 11TH AV,Oakland,CA,"{'type': 'Point', 'coordinates': [-122.246856, 37.792772]}",1483.0
911,VANDALISM,2021-04-23 05:45:00,21-018491,VANDALISM (AMENDED),27Y,1400 57TH AV,Oakland,CA,"{'type': 'Point', 'coordinates': [-122.201644, 37.766116]}",1493.0
912,STOLEN VEHICLE,2016-02-29 22:29:00,16-011234,POSS STOLEN VEH/VES/ETC,34X,84TH AV & INTERNATIONAL BLVD,Oakland,CA,"{'type': 'Point', 'coordinates': [-122.177864, 37.754429]}",1493.0
913,MISDEMEANOR ASSAULT,2021-04-23 10:52:00,21-018504,THEFT,23X,1400 39TH AV,Oakland,CA,"{'type': 'Point', 'coordinates': [-122.218517, 37.774863]}",1188.0
914,THREATS,2021-06-08 00:00:00,21-026215,ANNOYING TELEPHONE CALL:OBSCENE/THREATENING,21Y,2300 HUGHES AV,Oakland,CA,"{'type': 'Point', 'coordinates': [-122.221176, 37.78502]}",1188.0
915,RECOVERED O/S STOLEN,2021-05-15 15:39:00,21-022462,VEHICLE THEFT - AUTO,33X,1200 86TH AV,Oakland,CA,"{'type': 'Point', 'coordinates': [-122.179792, 37.751054]}",1493.0
916,BURG - RESIDENTIAL,2021-04-29 14:31:00,21-019629,BATTERY W/SERIOUS BODILY INJURY,35X,9400 PEACH ST,Oakland,CA,"{'type': 'Point', 'coordinates': [-122.162974, 37.751693]}",1481.0
917,FELONY ASSAULT,2021-05-09 01:21:00,21-021131,WILLFUL DISCHARGE FIREARM IN NEGLIGENT MANNER,35X,2200 89TH AV,Oakland,CA,"{'type': 'Point', 'coordinates': [-122.166152, 37.754401]}",1482.0
918,STOLEN VEHICLE,2015-12-30 16:30:00,15-068932,VEHICLE THEFT - AUTO,25X,4200 ATLAS AV,Oakland,CA,"{'type': 'Point', 'coordinates': [-122.188837, 37.796872]}",1492.0
919,MISDEMEANOR ASSAULT,2021-05-13 11:16:00,21-021828,ASSAULT,30X,8100 INTERNATIONAL BLVD,Oakland,CA,"{'type': 'Point', 'coordinates': [-122.180557, 37.756141]}",1493.0
921,TOWED VEHICLE,2016-02-17 01:45:00,16-008764,BUY/SELL/POSSESS VEHICLE WITH ALTERED NUMBER,20X,2600 E 16TH ST,Oakland,CA,"{'type': 'Point', 'coordinates': [-122.231005, 37.783062]}",1188.0
922,STOLEN VEHICLE,2021-02-01 20:00:00,21-907031,ATTEMPT VEHICLE THEFT-AUTO,09X,200 MONTE VISTA AV,Oakland,CA,"{'type': 'Point', 'coordinates': [-122.25183, 37.824069]}",1488.0
923,DOMESTIC VIOLENCE,2015-10-15 07:00:00,16-000670,THREAT CRIME:INT:TERRORIZE,21Y,2400 FRUITVALE AV,Oakland,CA,"{'type': 'Point', 'coordinates': [-122.221471, 37.786966]}",1188.0
924,GRAND THEFT,2021-06-19 12:34:00,21-028262,THREAT CRIME:INT:TERRORIZE,15X,500 BODEN WY,Oakland,CA,"{'type': 'Point', 'coordinates': [-122.249062, 37.807421]}",1487.0
925,PETTY THEFT,2016-04-22 03:00:00,16-021333,THEFT:PERSONAL PROPERTY,17Y,2600 IVY DR,Oakland,CA,"{'type': 'Point', 'coordinates': [-122.240831, 37.801753]}",1483.0
926,MISDEMEANOR ASSAULT,2016-03-19 19:35:00,16-014785,FORCE/ADW-OTHER DANGEROUS WEAPON:GBI,02X,900 MARKET ST,Oakland,CA,"{'type': 'Point', 'coordinates': [-122.282444, 37.803906]}",1484.0
927,VANDALISM,2021-05-02 03:30:00,21-020024,VANDALISM,28X,4800 BROOKDALE AV,Oakland,CA,"{'type': 'Point', 'coordinates': [-122.200396, 37.779204]}",1492.0
929,STOLEN AND RECOVERED VEHICLE,2016-04-16 06:06:00,16-020133,VEHICLE THEFT - AUTO,14X,GRAND AV & LEE ST,Oakland,CA,"{'type': 'Point', 'coordinates': [-122.257223, 37.809067]}",1487.0
930,BURG - AUTO,2021-04-13 08:00:00,21-905487,BURGLARY-AUTO,26X,4900 COLISEUM WY,Oakland,CA,"{'type': 'Point', 'coordinates': [-122.215894, 37.764551]}",1188.0
931,ROBBERY,2016-04-05 13:40:00,16-017923,EXHIBIT FIREARM,23X,3800 INTERNATIONAL BLVD,Oakland,CA,"{'type': 'Point', 'coordinates': [-122.219756, 37.774686]}",1188.0
932,FELONY ASSAULT,2021-04-10 12:25:00,21-016375,CARRY LOADED FIREARM:UNLAWFUL/PROHIBATED POSSESSION,24Y,2700 HUMBOLDT AV,Oakland,CA,"{'type': 'Point', 'coordinates': [-122.209765, 37.790487]}",1480.0
933,PETTY THEFT,2021-05-07 07:15:00,21-021557,THEFT,16Y,1100 HOLLYWOOD AV,Oakland,CA,"{'type': 'Point', 'coordinates': [-122.217603, 37.812282]}",1480.0
934,BURG - COMMERCIAL,2021-05-25 04:19:00,21-023848,BURGLARY-FORCIBLE ENTRY,30X,7200 INTERNATIONAL BLVD,Oakland,CA,"{'type': 'Point', 'coordinates': [-122.187841, 37.759625]}",1493.0
935,ROBBERY,2021-05-13 15:00:00,21-021861,ROBBERY-FIREARM,06X,3200 MARKET ST,Oakland,CA,"{'type': 'Point', 'coordinates': [-122.275989, 37.822389]}",1485.0
936,VANDALISM,2021-03-27 03:00:00,21-904391,VANDALISM,05X,1100 21ST ST,Oakland,CA,"{'type': 'Point', 'coordinates': [-122.283864, 37.81432]}",1484.0
937,NARCOTICS,2016-01-21 07:53:00,16-003634,VIOLATION OF PROBATION-MISD,22Y,3400 KANSAS ST,Oakland,CA,"{'type': 'Point', 'coordinates': [-122.199857, 37.795176]}",1480.0
938,GRAND THEFT,2021-06-01 01:00:00,21-908419,THEFT,13X,5200 MASONIC AV,Oakland,CA,"{'type': 'Point', 'coordinates': [-122.225244, 37.83579]}",1491.0
941,ARSON,2016-03-01 02:42:00,16-011271,MAL SET/ETC FIRE PROP/ETC - MOTOR VEHICLES,33X,1000 ELMHURST AV,Oakland,CA,"{'type': 'Point', 'coordinates': [-122.178397, 37.74293]}",1481.0
942,VANDALISM,2021-05-19 08:50:00,21-908709,VANDALISM,32X,10900 INTERNATIONAL BLVD,Oakland,CA,"{'type': 'Point', 'coordinates': [-122.164746, 37.73672]}",1481.0
943,STOLEN VEHICLE,2021-04-23 13:00:00,21-018547,VEHICLE THEFT - AUTO,23X,3200 INTERNATIONAL BLVD,Oakland,CA,"{'type': 'Point', 'coordinates': [-122.22584, 37.777616]}",1188.0
945,BURG - AUTO,2021-06-26 09:45:00,21-910014,BURGLARY-AUTO,01X,300 3RD ST,Oakland,CA,"{'type': 'Point', 'coordinates': [-122.271864, 37.795151]}",1484.0
946,PROSTITUTION,2016-01-10 02:33:00,16-001647,LOITER:INTENT:PROSTITUTION,23X,4000 INTERNATIONAL BLVD,Oakland,CA,"{'type': 'Point', 'coordinates': [-122.217943, 37.773876]}",1188.0
947,ROBBERY,2016-03-09 13:30:00,16-012937,"ROBBERY - STRONG ARM (HANDS, FISTS, FEET, ETC.)",30X,7200 INTERNATIONAL BLVD,Oakland,CA,"{'type': 'Point', 'coordinates': [-122.187841, 37.759625]}",1493.0
948,DISORDERLY CONDUCT,2021-04-04 11:46:00,21-015305,DISTURB THE PEACE,34X,2000 85TH AV,Oakland,CA,"{'type': 'Point', 'coordinates': [-122.170449, 37.756861]}",1493.0
949,DOMESTIC VIOLENCE,2021-04-23 12:48:00,21-018541,CONTEMPT OF COURT:DISOBEY COURT ORDER/ETC,32Y,2400 WARNER AV,Oakland,CA,"{'type': 'Point', 'coordinates': [-122.158929, 37.748155]}",1481.0
950,BURG - AUTO,2021-05-06 14:00:00,21-906720,BURGLARY-AUTO,04X,1400 HARRISON ST,Oakland,CA,"{'type': 'Point', 'coordinates': [-122.267606, 37.80292]}",1489.0
951,STOLEN AND RECOVERED VEHICLE,2021-05-03 11:00:00,21-020121,VEHICLE THEFT - AUTO,31Y,400 WORTH ST,Oakland,CA,"{'type': 'Point', 'coordinates': [-122.191568, 37.736747]}",1481.0
952,PROSTITUTION,2016-04-13 20:04:00,16-019659,DISORDERLY CONDUCT:SOLICIT LEWD ACT,18X,1800 19TH AV,Oakland,CA,"{'type': 'Point', 'coordinates': [-122.238111, 37.7896]}",1483.0
954,STOLEN AND RECOVERED VEHICLE,2021-05-16 11:08:00,21-022335,VEHICLE THEFT - AUTO,08X,3400 ANDOVER ST,Oakland,CA,"{'type': 'Point', 'coordinates': [-122.264209, 37.82194]}",1486.0
955,OTHER,2016-02-19 11:00:00,16-010207,CONTEMPT OF COURT:DISOBEY COURT ORDER/ETC,03X,1200 FALLON ST,Oakland,CA,"{'type': 'Point', 'coordinates': [-122.262609, 37.799251]}",1484.0
956,DISORDERLY CONDUCT,2016-04-15 00:00:00,16-024141,DISTURB THE PEACE,24X,1900 40TH AV,Oakland,CA,"{'type': 'Point', 'coordinates': [-122.215209, 37.777836]}",1188.0
957,STOLEN VEHICLE,2016-04-01 19:30:00,16-017296,VEHICLE THEFT - AUTO,14X,200 MACARTHUR BLVD,Oakland,CA,"{'type': 'Point', 'coordinates': [-122.253038, 37.817623]}",1487.0
959,ROBBERY,2000-01-08 18:00:00,21-023964,ATTEMPTED ROBBERY-STRONG-ARM,19X,16TH AV & E 15TH ST,Oakland,CA,"{'type': 'Point', 'coordinates': [-122.243427, 37.789196]}",1483.0
960,WEAPONS,2016-04-05 18:40:00,16-017990,CARRY LOADED HANDGUN: NOT REG OWNER,28X,HIGH ST & PENNIMAN AV,Oakland,CA,"{'type': 'Point', 'coordinates': [-122.200729, 37.784291]}",1492.0
961,BURG - COMMERCIAL,2016-01-25 21:30:00,16-004651,BURGLARY-FORCIBLE ENTRY,09X,6700 SAN PABLO AVENUE,Oakland,CA,"{'type': 'Point', 'coordinates': [-122.285834, 37.849756]}",1485.0
962,MISDEMEANOR ASSAULT,2016-02-22 19:46:00,16-009850,ASSAULT WITH FIREARM ON PERSON,29X,3400 64TH AV PL,Oakland,CA,"{'type': 'Point', 'coordinates': [-122.178365, 37.774246]}",1482.0
963,STOLEN VEHICLE,2016-01-07 20:30:00,16-001259,VEHICLE THEFT - AUTO,03Y,400 7TH ST,Oakland,CA,"{'type': 'Point', 'coordinates': [-122.272977, 37.799026]}",1484.0
964,STOLEN VEHICLE,2016-01-06 12:43:00,16-000914,VEHICLE THEFT - AUTO,05X,1900 POPLAR ST,Oakland,CA,"{'type': 'Point', 'coordinates': [-122.28823, 37.81323]}",1484.0
965,MISDEMEANOR ASSAULT,2021-04-21 14:00:00,21-018266,FORCE/ADW-OTHER DANGEROUS WEAPON:GBI,18X,2000 INDEPENDENCE WY,Oakland,CA,"{'type': 'Point', 'coordinates': [-122.237582, 37.78766]}",1483.0
966,VANDALISM,2016-05-03 00:00:00,16-023748,VANDALISM,02X,1000 8TH ST,Oakland,CA,"{'type': 'Point', 'coordinates': [-122.284485, 37.804078]}",1484.0
967,STOLEN VEHICLE,2021-04-16 21:00:00,21-017476,VEHICLE THEFT - AUTO,20X,24TH AV & FOOTHILL BLVD,Oakland,CA,"{'type': 'Point', 'coordinates': [-122.232349, 37.784768]}",1188.0
968,ROBBERY,2016-01-27 18:40:00,16-004977,ROBBERY-FIREARM,23X,1100 35TH AV,Oakland,CA,"{'type': 'Point', 'coordinates': [-122.22353, 37.775009]}",1188.0
969,STOLEN VEHICLE,2021-06-10 20:20:00,21-026901,VEHICLE THEFT - AUTO,03Y,400 7TH ST,Oakland,CA,"{'type': 'Point', 'coordinates': [-122.272977, 37.799026]}",1484.0
970,VANDALISM,2016-04-19 12:00:00,16-020736,BATTERY,24X,3500 GRAY ST,Oakland,CA,"{'type': 'Point', 'coordinates': [-122.215274, 37.785112]}",1188.0
972,MISDEMEANOR ASSAULT,2021-05-12 15:45:00,21-021712,BATTERY,12Y,COLLEGE AV & LAWTON AV,Oakland,CA,"{'type': 'Point', 'coordinates': [-122.25158, 37.842554]}",1491.0
974,ARSON,2016-03-18 23:40:00,16-014728,MAL SET/ETC FIRE PROP/ETC - MOTOR VEHICLES,29X,5700 WALNUT ST,Oakland,CA,"{'type': 'Point', 'coordinates': [-122.192403, 37.773507]}",1482.0
975,OTHER,2016-03-25 06:30:00,16-015892,CRIMINAL CONTEMPT,03Y,400 7TH ST,Oakland,CA,"{'type': 'Point', 'coordinates': [-122.272977, 37.799026]}",1484.0
976,PETTY THEFT,2021-05-18 10:38:00,21-022712,WITH INTENT TO DEFRAUD ACQUIRE ID OF PERS DEPLOYED OUT OF STATE (AMENDED TO:COMMIT MAIL THEFT),16X,900 MANDANA BLVD,Oakland,CA,"{'type': 'Point', 'coordinates': [-122.229443, 37.812303]}",1487.0
977,NARCOTICS,2016-04-06 22:53:00,16-018271,POSSESS CONTROLLED SUBSTANCE PARAPHERNALIA,08X,23RD ST & TELEGRAPH AV,Oakland,CA,"{'type': 'Point', 'coordinates': [-122.268796, 37.812608]}",1489.0
978,ROBBERY,2016-04-06 03:30:00,16-018069,"ROBBERY - STRONG ARM (HANDS, FISTS, FEET, ETC.)",21Y,2000 FRUITVALE AV,Oakland,CA,"{'type': 'Point', 'coordinates': [-122.222713, 37.783865]}",1188.0
980,BURG - COMMERCIAL,2016-01-07 18:20:00,16-001330,BURGLARY-FORCIBLE ENTRY,13Z,1900 MOUNTAIN BLVD,Oakland,CA,"{'type': 'Point', 'coordinates': [-122.210837, 37.829079]}",1488.0
981,STOLEN VEHICLE,2021-06-13 15:30:00,21-027314,VEHICLE THEFT - AUTO,26X,5400 COLISEUM WY,Oakland,CA,"{'type': 'Point', 'coordinates': [-122.212525, 37.762788]}",1493.0
982,STOLEN VEHICLE,2016-04-20 20:00:00,16-021158,VEHICLE THEFT - AUTO,11X,600 ALCATRAZ AV,Oakland,CA,"{'type': 'Point', 'coordinates': [-122.262716, 37.849899]}",1486.0
983,FELONY ASSAULT,2021-07-11 02:43:00,21-032044,ASSAULT WITH FIREARM ON PERSON,19X,500 INTERNATIONAL BLVD,Oakland,CA,"{'type': 'Point', 'coordinates': [-122.253838, 37.795747]}",1483.0
984,BURG - RESIDENTIAL,2021-06-23 01:00:00,21-909856,BURGLARY-FORCIBLE ENTRY,15X,500 CAPELL ST,Oakland,CA,"{'type': 'Point', 'coordinates': [-122.240621, 37.803306]}",1483.0
985,DOMESTIC VIOLENCE,2016-02-12 19:40:00,16-008023,FORCE/ADW-OTHER DANGEROUS WEAPON:GBI,35X,2300 83RD AV,Oakland,CA,"{'type': 'Point', 'coordinates': [-122.167913, 37.760114]}",1482.0
986,PETTY THEFT,2021-05-21 14:20:00,21-907726,THEFT,01X,400 3RD ST,Oakland,CA,"{'type': 'Point', 'coordinates': [-122.274569, 37.796218]}",1484.0
987,PETTY THEFT,2021-06-08 15:00:00,21-027046,THEFT,22Y,3100 MADELINE ST,Oakland,CA,"{'type': 'Point', 'coordinates': [-122.201912, 37.798138]}",1480.0
988,FELONY ASSAULT,2016-01-11 01:26:00,16-001799,WILLFUL DISCHARGE FIREARM IN NEGLIGENT MANNER,18Y,3100 ARDLEY AV,Oakland,CA,"{'type': 'Point', 'coordinates': [-122.225029, 37.798105]}",1480.0
989,MISDEMEANOR ASSAULT,2021-05-31 19:50:00,21-024958,BATTERY,06X,700 25TH ST,Oakland,CA,"{'type': 'Point', 'coordinates': [-122.273606, 37.815214]}",1489.0
990,BURG - AUTO,2021-05-20 05:00:00,21-907599,BURGLARY-AUTO,10Y,900 46TH ST,Oakland,CA,"{'type': 'Point', 'coordinates': [-122.273148, 37.835221]}",1485.0
991,MISDEMEANOR ASSAULT,2016-01-06 13:38:00,16-000929,DISTURB THE PEACE,28X,4400 PENNIMAN AV,Oakland,CA,"{'type': 'Point', 'coordinates': [-122.199535, 37.782872]}",1492.0
992,FELONY ASSAULT,2021-06-12 03:34:00,21-026973,ASSAULT WITH FIREARM ON PERSON,20X,2300 E 12TH ST,Oakland,CA,"{'type': 'Point', 'coordinates': [-122.236682, 37.782624]}",1483.0
993,STOLEN VEHICLE,2021-05-21 01:45:00,21-023230,VEHICLE THEFT - AUTO,10Y,600 42ND ST,Oakland,CA,"{'type': 'Point', 'coordinates': [-122.266981, 37.83133]}",1486.0
994,FELONY ASSAULT,2021-04-18 15:09:00,21-017636,CARRY LOADED HANDGUN: NOT REG OWNER,06X,3000 WEST ST,Oakland,CA,"{'type': 'Point', 'coordinates': [-122.273486, 37.820287]}",1485.0
995,RECOVERED O/S STOLEN,2021-05-27 14:36:00,21-024321,VEHICLE THEFT - AUTO,21Y,2100 WOODBINE AV,Oakland,CA,"{'type': 'Point', 'coordinates': [-122.219074, 37.797875]}",1480.0
996,VANDALISM,2016-04-21 09:30:00,16-021161,"VANDALISM [UNDER $1,000] (AMENDED)",34X,1900 96TH AV,Oakland,CA,"{'type': 'Point', 'coordinates': [-122.165951, 37.74837]}",1481.0
997,PETTY THEFT,2021-04-12 08:00:00,21-019334,THEFT,02X,5TH ST & MARKET ST,Oakland,CA,"{'type': 'Point', 'coordinates': [-122.283253, 37.80134]}",1484.0
998,STOLEN VEHICLE,2021-07-01 21:00:00,21-030851,VEHICLE THEFT - AUTO,28X,2700 MAXWELL AV,Oakland,CA,"{'type': 'Point', 'coordinates': [-122.19733, 37.778018]}",1492.0
999,FELONY ASSAULT,2021-06-19 00:24:00,21-028185,ADW NOT F/ARM:PO/FIRE:GBI,17Y,3300 PARK BLVD,Oakland,CA,"{'type': 'Point', 'coordinates': [-122.235283, 37.803304]}",1487.0
